{"type": "FeatureCollection", "crs": {"type": "name", "properties": {"name": "EPSG:9377"}}, "features": [{"type": "Feature", "id": 1, "geometry": {"type": "Polygon", "coordinates": [[[-75.6184369043402, 6.236863703108934], [-75.61889330313791, 6.237313638641789], [-75.61911175343369, 6.2373481395273], [-75.6193241555265, 6.237060194213898], [-75.6199049839663, 6.2367873537715965], [-75.62080352459753, 6.236880220117787], [-75.62170895055506, 6.236346032194384], [-75.62191321931773, 6.236540493771409], [-75.62206360732272, 6.236553239915056], [-75.6223471661817, 6.236088542574285], [-75.62266501009549, 6.23584148663012], [-75.6225684871319, 6.235680333103766], [-75.62244412602149, 6.235818593678067], [-75.62225950965845, 6.235874201774407], [-75.6212717530175, 6.235934493450023], [-75.62026671872668, 6.235633671723744], [-75.61929283420729, 6.235807414814262], [-75.61874279566122, 6.2357785709553], [-75.61826869531102, 6.2356358617761485], [-75.61734853684064, 6.234998777486143], [-75.61666511274552, 6.234893793039051], [-75.61589949821729, 6.234553997539639], [-75.61486361161413, 6.234491509900898], [-75.61485781684647, 6.234246474183865], [-75.61472513421833, 6.234134944223315], [-75.61487556082677, 6.233815689174135], [-75.61552098021947, 6.233863704356032], [-75.61560942371457, 6.233504939490521], [-75.61544945282473, 6.2335992440490715], [-75.61537542971428, 6.233523502290817], [-75.6154596802527, 6.23346214054494], [-75.61543528561421, 6.233320778088866], [-75.61555315660918, 6.233298004702551], [-75.6155849688732, 6.232990911323427], [-75.61567282591534, 6.233000118850264], [-75.61580222916517, 6.2323691581230705], [-75.61571728285075, 6.232154837561561], [-75.61602304285539, 6.2317854211735835], [-75.6160166134274, 6.231605181840222], [-75.61558540227816, 6.23125062869331], [-75.6153459553641, 6.231151589091347], [-75.61509886866297, 6.231205075047902], [-75.61432455497118, 6.230992189080752], [-75.61394989883209, 6.231022959800169], [-75.61351668035972, 6.230843700740727], [-75.61304242539505, 6.23078255773461], [-75.61304632253416, 6.23097525177955], [-75.61281713894284, 6.231008799305315], [-75.61265568946826, 6.230379430496412], [-75.61223097704116, 6.229705829161818], [-75.61401278737478, 6.228608767561665], [-75.61437898415781, 6.228012091172384], [-75.61398697531605, 6.227711329391273], [-75.61282808595196, 6.227372444406981], [-75.61202373003994, 6.2276072074584246], [-75.61199677205158, 6.227390324421277], [-75.61184471766673, 6.227343504733075], [-75.61167982677202, 6.22784006572807], [-75.61115417328341, 6.227999417611616], [-75.61104142105016, 6.228144528281881], [-75.61097620540569, 6.228441652335899], [-75.61108468366771, 6.22917850784026], [-75.61104538068496, 6.229386808710907], [-75.61033598437244, 6.229869862593462], [-75.60961560709396, 6.229706200351615], [-75.60968676929207, 6.229517018112755], [-75.6094374902081, 6.229376052518897], [-75.60992470002718, 6.228522029371763], [-75.61018011660914, 6.227879035569383], [-75.61008457056002, 6.227602786295063], [-75.60982920354434, 6.227268370162407], [-75.60970004934987, 6.22720958326778], [-75.60983645488984, 6.227135003849433], [-75.60982524088114, 6.2268949291227305], [-75.60958205419544, 6.22695459086674], [-75.6096241751166, 6.226790231578381], [-75.60956112839914, 6.226676059136147], [-75.60982266856256, 6.226671412960337], [-75.60980809866263, 6.226527198255712], [-75.60953934274502, 6.226409619887677], [-75.60943688874998, 6.226474392998036], [-75.6089430960038, 6.226370060832374], [-75.60848392152212, 6.225837645880756], [-75.60842614310292, 6.225245327860572], [-75.6085216144264, 6.224634415009327], [-75.60831202998575, 6.2242740718431095], [-75.60861605798115, 6.22419357997173], [-75.60865943122127, 6.224509762917815], [-75.60879179272426, 6.224492443029977], [-75.60913273144934, 6.224640351104141], [-75.60919515695394, 6.224374482559334], [-75.60979505114413, 6.224197833590965], [-75.6105731377554, 6.224722084576276], [-75.61065569176407, 6.22458358950638], [-75.61068197789163, 6.224221624380269], [-75.61081671080262, 6.224103241542836], [-75.6110066712951, 6.223685631667434], [-75.61082194852617, 6.223541399083934], [-75.61089779749967, 6.223275103609298], [-75.61139418856877, 6.223452766035964], [-75.61179292103513, 6.2234955630520234], [-75.6119838193978, 6.222593871055198], [-75.61189387670301, 6.222349081024026], [-75.61223463350876, 6.2219149483843985], [-75.6125024634584, 6.221879143876457], [-75.61251848587504, 6.221815276674007], [-75.61214898518836, 6.2217177703809465], [-75.61199380975344, 6.221443321664192], [-75.61201886943272, 6.220789235951018], [-75.61218997756198, 6.220320075186683], [-75.6119104656961, 6.220081925581631], [-75.61157582062428, 6.22001337935239], [-75.61136805206156, 6.219880692327195], [-75.61144611677052, 6.2198818242033385], [-75.61158715411766, 6.219696234117086], [-75.61168646385141, 6.219803983702452], [-75.61184402767165, 6.219770734106851], [-75.61190034474521, 6.219673805846774], [-75.6118354437821, 6.2195450438723885], [-75.61215258856767, 6.219189741848042], [-75.61210725289203, 6.2190776968901895], [-75.6124060149239, 6.218937124660121], [-75.6127570894372, 6.218613604306496], [-75.61264722437897, 6.218462458808162], [-75.61271532000512, 6.218358092455994], [-75.61186007465311, 6.21830991280834], [-75.61125754111082, 6.21845345019494], [-75.61072979407267, 6.218840467691942], [-75.61052053147668, 6.219137647976241], [-75.61052192103313, 6.2192736674191496], [-75.60988209841874, 6.2193259999391435], [-75.61006282716927, 6.2192405288786885], [-75.61016392626681, 6.219070955722826], [-75.6096753420503, 6.218830391177407], [-75.60906555722738, 6.218310137548036], [-75.60831521275865, 6.218117449671197], [-75.60757931913541, 6.2182368639520105], [-75.60712036076028, 6.21821635695346], [-75.60689158593057, 6.218127318139281], [-75.60688031156826, 6.21819717582751], [-75.60605839403514, 6.217332720860202], [-75.60528528773615, 6.217577990575257], [-75.60480680973752, 6.217041380223186], [-75.60460318413425, 6.216560120920401], [-75.60429467471796, 6.216488959139341], [-75.60396614378337, 6.216678571251584], [-75.60350700881663, 6.216628370838854], [-75.6030474561238, 6.216410083030232], [-75.60278810274686, 6.2159024095654285], [-75.60239844917831, 6.2156023044805], [-75.60247194216554, 6.215142965502198], [-75.60225403140537, 6.214796343371804], [-75.6021037645788, 6.214718926424542], [-75.60244922273601, 6.2148047474925505], [-75.60274724923086, 6.215156625349293], [-75.6029472306935, 6.2159348611021485], [-75.60305940302061, 6.216105851986311], [-75.6034020119831, 6.216438300595131], [-75.60385501946192, 6.21653301153338], [-75.60450803190503, 6.216208646290979], [-75.6049666652335, 6.216105325985512], [-75.60541588295013, 6.215085223577249], [-75.6050073542081, 6.214533701321787], [-75.60487315783031, 6.214162922005254], [-75.60559924196053, 6.213320347041598], [-75.60532123014984, 6.212764634573506], [-75.60497084553323, 6.213001920543426], [-75.60477100924322, 6.212919733696852], [-75.60490071222489, 6.212818067754087], [-75.60488582713134, 6.212750698548438], [-75.60449555243055, 6.2121495103790965], [-75.60497639000738, 6.21181045948199], [-75.60484299719576, 6.211623491845134], [-75.60516199076241, 6.211274281892988], [-75.60504305927581, 6.2110878062653665], [-75.60506015963477, 6.210971573738774], [-75.60553199372681, 6.21054439809706], [-75.60531947216721, 6.210148683322828], [-75.6056160400379, 6.210048499988216], [-75.60545719831133, 6.2097933591004315], [-75.6070285781279, 6.208862310327191], [-75.6071217811588, 6.2087092165747535], [-75.60724977365416, 6.207960436638301], [-75.6071665424946, 6.207538901890595], [-75.6069603618188, 6.207341281759247], [-75.60633573793267, 6.2072467006880565], [-75.6059268694831, 6.207015991339781], [-75.60535303160174, 6.206982524155296], [-75.60552820011021, 6.206587122101892], [-75.6059639630217, 6.206647781009346], [-75.60596544928605, 6.206187394670148], [-75.6062450425326, 6.205723118362063], [-75.60649349846018, 6.205857719102033], [-75.60670749095998, 6.20566486922998], [-75.60688767883576, 6.205637695102673], [-75.60734530307374, 6.206152658951644], [-75.60798914605763, 6.206108545876177], [-75.60843305351267, 6.205880220633913], [-75.60925630712725, 6.205795560591078], [-75.60973272242065, 6.205043381390944], [-75.60929224366114, 6.204785463443494], [-75.60872614612953, 6.204735303457349], [-75.60782437667585, 6.204486807304992], [-75.60739112463595, 6.204601178596547], [-75.60715890519452, 6.204331257063218], [-75.60704890308187, 6.204026862623421], [-75.6067326396716, 6.2038335927109864], [-75.60687808245368, 6.203776141861553], [-75.60689130979725, 6.203579927733805], [-75.60671939335917, 6.2033980578056065], [-75.60681765054156, 6.203065233713588], [-75.60672011340442, 6.203000203433218], [-75.60646099865373, 6.203044857058199], [-75.60648331910434, 6.2028104935079185], [-75.60639033639971, 6.202470203854559], [-75.60586821193324, 6.202568373235677], [-75.60570818604607, 6.202466416175129], [-75.60586651837352, 6.202732971546613], [-75.60540051123455, 6.203056070396255], [-75.60543259510338, 6.203433091337762], [-75.6040940640749, 6.202659538656048], [-75.6040312022107, 6.202749398509092], [-75.60382232129224, 6.202595441203384], [-75.60346729217385, 6.201979136362829], [-75.60366310385032, 6.201699208757165], [-75.60346004318316, 6.201531289866084], [-75.6034252497141, 6.201096530444781], [-75.6030516799411, 6.2001670169038965], [-75.60228889584842, 6.1998162363528095], [-75.60207338635298, 6.19960839418727], [-75.60210812039244, 6.199490199045072], [-75.60194899235823, 6.199370428271732], [-75.6016233706772, 6.199801590110738], [-75.60177915050066, 6.199919610848581], [-75.60179696845796, 6.2000452153227155], [-75.6016447748819, 6.200244777820493], [-75.60083790701762, 6.200311564833955], [-75.60094941295988, 6.200217747060442], [-75.5999123690423, 6.199426646529417], [-75.59996934726938, 6.199642678687009], [-75.59993293665119, 6.200233113962562], [-75.59898659844244, 6.201686524565767], [-75.5989286882737, 6.201972271372727], [-75.59863724661665, 6.202031393143331], [-75.59820663895877, 6.20324931927009], [-75.5979333296575, 6.203266520539099], [-75.59838405972464, 6.203587907057443], [-75.59860931727921, 6.204058421707502], [-75.59894767466763, 6.20443577128987], [-75.59871049776943, 6.204670498230375], [-75.59805086195168, 6.204998905818805], [-75.59843275708474, 6.206088218695924], [-75.59844905826374, 6.206488734068234], [-75.59836581081598, 6.2065822451141655], [-75.59861684744244, 6.206903606235113], [-75.59842422797014, 6.207202192664446], [-75.59850427890387, 6.207617822021148], [-75.59803768744462, 6.208047328367295], [-75.59827464734288, 6.208294234055622], [-75.59830805764862, 6.208839368524065], [-75.59791983281579, 6.2091515665806405], [-75.59801657523661, 6.20943877912275], [-75.5980272670236, 6.210098226818479], [-75.59829948249288, 6.210475755594965], [-75.59829569643948, 6.210614435403572], [-75.59823101504261, 6.210685828654224], [-75.59783978779492, 6.210485750035638], [-75.59781658152613, 6.21053439284698], [-75.59713033153017, 6.210178979175569], [-75.59670456459682, 6.210172044398718], [-75.5942211181874, 6.211213321648835], [-75.59131559806659, 6.226264641546726], [-75.59126774163646, 6.227629838427153], [-75.59137870604884, 6.229103921205484], [-75.59099309941466, 6.229284279992515], [-75.59070403036041, 6.229601833557159], [-75.59030378422024, 6.231216674316158], [-75.59014908672532, 6.231398617955219], [-75.58972619630181, 6.2315952614963885], [-75.58275691204717, 6.231788083504385], [-75.58269571260205, 6.233299824486831], [-75.58066157871926, 6.2332019419258], [-75.57681813645652, 6.232417825004728], [-75.57673809535835, 6.231973059286857], [-75.57649578180771, 6.231603854714526], [-75.57561886467663, 6.231343743543411], [-75.57565095097246, 6.233701584059416], [-75.57574658247073, 6.234518610698919], [-75.57750373983119, 6.239649277771207], [-75.58939866680963, 6.239256257605629], [-75.58967956356602, 6.239240691866236], [-75.58977792165277, 6.2390841235448], [-75.58992218279836, 6.239027206486676], [-75.59009028842772, 6.239066437358997], [-75.59020186843141, 6.239196395594602], [-75.60022557432609, 6.238841531027231], [-75.60019082663167, 6.238504175203679], [-75.60003161545298, 6.238276650189339], [-75.59984124341977, 6.237708929786252], [-75.6073520971975, 6.237455643757904], [-75.60794920257682, 6.237822086121598], [-75.60817864782511, 6.238058719637196], [-75.60846459414215, 6.2386485604813435], [-75.6092246638785, 6.238921927909377], [-75.60989713338971, 6.239355684141765], [-75.61047639068488, 6.237629694072676], [-75.61097347718704, 6.237518432901745], [-75.6115349721812, 6.237553254895593], [-75.61183761255073, 6.238221109797655], [-75.61216118179384, 6.238052835437713], [-75.61241594635666, 6.237233680424393], [-75.61248692826605, 6.237242524415794], [-75.61294194410446, 6.2363030039058405], [-75.61293421877058, 6.236225289332612], [-75.61207960068326, 6.235665939651276], [-75.61155810371126, 6.2351950100599405], [-75.61165903377906, 6.2351426933590615], [-75.6121656634001, 6.23562226797338], [-75.61313898641399, 6.23622068433984], [-75.6131030617624, 6.236283431749218], [-75.61402141489104, 6.236708491613777], [-75.61430068358241, 6.236768588777906], [-75.61458014691667, 6.236699015440471], [-75.61461955616994, 6.236340916820428], [-75.61475328447919, 6.236189233322751], [-75.61555959949497, 6.236673355159504], [-75.6157171286745, 6.236695911103746], [-75.61599381847594, 6.23658418465417], [-75.61663627444467, 6.236681077923306], [-75.61708574158375, 6.2368174431415015], [-75.61738170098276, 6.237013196286521], [-75.61752887444786, 6.237005774788959], [-75.6177556186888, 6.236814504483682], [-75.61801708918156, 6.237028479922242], [-75.6184369043402, 6.236863703108934]]]}, "properties": {"OBJECTID": 1, "comuna": "16", "sector": 6, "nombre": "BELEN", "fecha_sincronizacion": 1774145701000, "Shape_Length": 25215.336837467894, "Shape_Area": 8656699.244263427}}, {"type": "Feature", "id": 2, "geometry": {"type": "Polygon", "coordinates": [[[-75.55376216278295, 6.290024401362266], [-75.55393459405357, 6.289864805280629], [-75.55388973271003, 6.28965989491123], [-75.5539588844007, 6.289570996457745], [-75.5542638113743, 6.289571005310081], [-75.55456987432078, 6.289387946097199], [-75.55489795087617, 6.289436547111301], [-75.55533023493112, 6.289152310733712], [-75.55520607164206, 6.28899474936662], [-75.55522781286237, 6.288749291877585], [-75.55465956362085, 6.288643635955877], [-75.55467992905498, 6.287315302033385], [-75.55409445409387, 6.287326224288567], [-75.55384731636016, 6.2871454122520305], [-75.55304122315874, 6.286989429343939], [-75.55269628407386, 6.2868617745946045], [-75.55265976563857, 6.286715592404222], [-75.55183042153989, 6.286488277682901], [-75.55199728097548, 6.2858468780869305], [-75.55189296188058, 6.285870755806983], [-75.55185028423632, 6.285331196742217], [-75.55138259813963, 6.285298148466128], [-75.55130324589419, 6.285111262587117], [-75.55092485338905, 6.285080960397447], [-75.55092486600272, 6.284679619772956], [-75.54913130116137, 6.284232782832308], [-75.54909488930787, 6.285169341642067], [-75.54892765180071, 6.285530469202432], [-75.54846218553115, 6.2855003747494855], [-75.54855764458777, 6.285208376088209], [-75.54822133451916, 6.285185130291587], [-75.54805983057773, 6.285342199489235], [-75.54772442558038, 6.285032555437763], [-75.5475832526735, 6.285129733299975], [-75.54736528722104, 6.285135374906068], [-75.54721114274896, 6.284857379381289], [-75.54677013345, 6.284796339356679], [-75.54619527882272, 6.2851409771415705], [-75.54577182661654, 6.285170134015905], [-75.54523227205253, 6.285530632660111], [-75.54499404786735, 6.285618131353192], [-75.54480555135636, 6.285577513569384], [-75.54476066907293, 6.285956768393648], [-75.54430583443497, 6.285953653152778], [-75.54430265466887, 6.285889700280208], [-75.5441646884986, 6.285886396553256], [-75.54420711710982, 6.28578514598882], [-75.54405658968152, 6.2856924509080665], [-75.54374116450622, 6.285891214718119], [-75.54332261300377, 6.2858513010742305], [-75.5430584586477, 6.286154481979672], [-75.54265414100908, 6.286343178534866], [-75.54163433766756, 6.286276455179452], [-75.54127771829111, 6.286080094417726], [-75.54076568796405, 6.286329717126066], [-75.54038254794403, 6.286059427055899], [-75.54017250945266, 6.2860447508120725], [-75.53997122541129, 6.2858861544241025], [-75.54023938436532, 6.285824836241003], [-75.54031429146595, 6.285476025162665], [-75.54053177162572, 6.285343706609469], [-75.54014393484837, 6.285140034751263], [-75.53919347315589, 6.284410807225271], [-75.5390825535047, 6.284834827350077], [-75.53913663981237, 6.285753848085275], [-75.53836188533563, 6.285799046018155], [-75.53818437217159, 6.286071771961023], [-75.5376613050635, 6.285943982430987], [-75.5373224694549, 6.285429527427901], [-75.53674715838196, 6.285079448209304], [-75.53620516600628, 6.284986319115922], [-75.53618604945589, 6.285144831558729], [-75.53626220501441, 6.285155181206037], [-75.5361481391181, 6.2854907892356255], [-75.53588162405777, 6.28548584490532], [-75.53592994835586, 6.286237553712387], [-75.5358763159122, 6.286512280298729], [-75.53629909123141, 6.286489751309044], [-75.53637500619355, 6.286617620499792], [-75.53660883651224, 6.2864964690087355], [-75.5368089116731, 6.286984034432598], [-75.53582630213698, 6.287082458247331], [-75.53577948864705, 6.287958640611354], [-75.53586930952558, 6.288744908365724], [-75.53589619014603, 6.288859953826811], [-75.53600235001188, 6.288878265735095], [-75.53599651495983, 6.288702019028692], [-75.53650629881467, 6.289011556248885], [-75.53639963064461, 6.2891638070066005], [-75.53651513421339, 6.289597712353151], [-75.53639895624615, 6.289657259063103], [-75.53638079361514, 6.289770355098075], [-75.53622958128031, 6.289826154395897], [-75.53638202506231, 6.290214256103741], [-75.5362677160329, 6.290684470097175], [-75.53692672949236, 6.290882484034516], [-75.53690451987937, 6.291071358954885], [-75.53656321959903, 6.2912487475544765], [-75.53626038113407, 6.291066950201625], [-75.53630893877954, 6.291456508366849], [-75.53617234982215, 6.29169416613278], [-75.53618657037286, 6.292135958982922], [-75.53647023452739, 6.292070402545818], [-75.53647104036182, 6.292166646002466], [-75.53639021716126, 6.292169600893726], [-75.5363935648099, 6.292421349432794], [-75.53647706381389, 6.292391264458914], [-75.53651565025349, 6.292583823074314], [-75.53638002607114, 6.292627954453622], [-75.5364245825064, 6.292791846291119], [-75.53631853581098, 6.292972622701592], [-75.53641817006014, 6.293038797094624], [-75.53638219383092, 6.293090501820875], [-75.5358112427622, 6.293413430275182], [-75.53625851344736, 6.2939401971151865], [-75.5374692716805, 6.294413866597789], [-75.53662273197561, 6.295284317050023], [-75.53607916714301, 6.294890970755626], [-75.53576383674668, 6.294558339850359], [-75.53545145103861, 6.294846289779705], [-75.5354275111309, 6.2949899603737425], [-75.5358582031544, 6.296205196118625], [-75.53554082006961, 6.296581755807568], [-75.53577995605083, 6.296734506326106], [-75.53606944210021, 6.296339786478886], [-75.53623874425824, 6.296435718155729], [-75.53685493002557, 6.2961277038913295], [-75.53709771941982, 6.296646662174533], [-75.53615637476794, 6.297099990840938], [-75.53580703591875, 6.297816285771859], [-75.53593575394967, 6.297909588395908], [-75.53632399576732, 6.297653127923543], [-75.53592781621433, 6.298176118029402], [-75.53588663295784, 6.298451046670864], [-75.53603552305242, 6.298310685203644], [-75.53659593802006, 6.298225200463356], [-75.53703241886679, 6.298488530634082], [-75.53736551283573, 6.299362018870102], [-75.53794901180962, 6.300224321744136], [-75.53815173020384, 6.300336207111875], [-75.53823810047277, 6.30079500676225], [-75.53841673749379, 6.3008570750557835], [-75.53856732250874, 6.300696712905987], [-75.53921105879773, 6.300956657611421], [-75.53929743412255, 6.3013250545825095], [-75.53986886077587, 6.302127412425355], [-75.54024268086684, 6.30226868725409], [-75.54056284418219, 6.302630317092029], [-75.54086495226889, 6.3026608437441585], [-75.54125966401652, 6.302880091032664], [-75.5414234270291, 6.302850719127667], [-75.54187009097662, 6.303007817173967], [-75.54219080634238, 6.303641784709244], [-75.54248048106983, 6.30393334902072], [-75.54286221486304, 6.303972918267902], [-75.54331059467331, 6.303727721403531], [-75.54353646179335, 6.303949219572992], [-75.54389277806759, 6.304079190855129], [-75.5442409906875, 6.304403648693865], [-75.54449406613776, 6.3042037653025895], [-75.54454207286997, 6.3039530497784], [-75.54614231330875, 6.304327940540768], [-75.54652649149794, 6.304170117748374], [-75.5468923056685, 6.303703521204911], [-75.54710679263732, 6.303579556237241], [-75.5476808655682, 6.303845238853948], [-75.54785931205416, 6.304036646136334], [-75.54794319015207, 6.304304141347212], [-75.54822081947155, 6.304321845107137], [-75.5483463782139, 6.304185610906854], [-75.54842065860956, 6.303889244714949], [-75.54825268063743, 6.303512366365156], [-75.54874611821143, 6.302577225182761], [-75.54853163550109, 6.301916010887865], [-75.54868157979105, 6.30166654061173], [-75.54862142508226, 6.301233800234208], [-75.54874489499646, 6.300498862188545], [-75.5502143348695, 6.297831290551762], [-75.55027789702703, 6.297584270748979], [-75.55023044279697, 6.297220218604705], [-75.55064399351282, 6.29709414216856], [-75.55083947515661, 6.29658448011823], [-75.55062079761372, 6.296173098134686], [-75.55029792138018, 6.295894613062669], [-75.54986609935828, 6.295853729607534], [-75.5491395936121, 6.295642049003348], [-75.54891810604263, 6.295129010961574], [-75.54896067963945, 6.294885439783766], [-75.5491104455678, 6.294634789423194], [-75.54935391813211, 6.294469168960415], [-75.54915372320596, 6.294523507916922], [-75.54983275676356, 6.292777433853155], [-75.54989807455948, 6.292805169175112], [-75.55009964724626, 6.292521483096876], [-75.55022738400542, 6.292584337186814], [-75.55019888238228, 6.2924153511461025], [-75.55072627873683, 6.292410659191813], [-75.55035332320529, 6.291934472511417], [-75.55132472112126, 6.291862737339406], [-75.5523421146369, 6.2921210975318855], [-75.55254101325697, 6.291468140070131], [-75.55318736785614, 6.291673378247644], [-75.55376216278295, 6.290024401362266]]]}, "properties": {"OBJECTID": 2, "comuna": "01", "sector": 1, "nombre": "POPULAR", "fecha_sincronizacion": 1774145701000, "Shape_Length": 10873.828041592757, "Shape_Area": 3124366.5605953764}}, {"type": "Feature", "id": 3, "geometry": {"type": "Polygon", "coordinates": [[[-75.59190635263832, 6.295073748660292], [-75.59208362618607, 6.2953845053794515], [-75.59283572320176, 6.295932975611718], [-75.59309114510755, 6.295724569481561], [-75.59284833432257, 6.295503767120358], [-75.59308151593143, 6.295352997797607], [-75.59312229530983, 6.295063682310924], [-75.59374766126122, 6.295161136429726], [-75.59428150401979, 6.2949774847338835], [-75.59496647336239, 6.295156618717485], [-75.59610121467816, 6.295144151920337], [-75.59599803041833, 6.295000490184486], [-75.59537153033362, 6.292837745725602], [-75.59552267465592, 6.2923680918365985], [-75.59519250786163, 6.292317049218145], [-75.59526873710502, 6.291855296857813], [-75.5951705080831, 6.291822105689958], [-75.59521516059868, 6.29168047416939], [-75.59571833504798, 6.291811448385488], [-75.59579214536052, 6.291272400987082], [-75.59606292025, 6.290921483744787], [-75.59762148795042, 6.290130770011098], [-75.59842278313143, 6.289559042361804], [-75.59878696392546, 6.2899317686033855], [-75.59885350171781, 6.290210844840926], [-75.59898826619114, 6.290206009167131], [-75.59938298876298, 6.290510174412044], [-75.59946051314822, 6.290661146036433], [-75.5993993825678, 6.290839153314349], [-75.5995385144602, 6.291103557391698], [-75.60021385114362, 6.290669221762734], [-75.60037167520424, 6.290751719638669], [-75.60063350892833, 6.291184394027808], [-75.60118435995867, 6.290912117756204], [-75.60132870101687, 6.292063977102831], [-75.60146219409206, 6.292223562552246], [-75.60504421367477, 6.290808392950965], [-75.60491938708437, 6.290696875333664], [-75.60478229667038, 6.2907862416595215], [-75.60449683726497, 6.290769877040205], [-75.60386226859966, 6.2902415047300275], [-75.60382055891013, 6.289867499713661], [-75.60350446628102, 6.289612406430084], [-75.60350082501601, 6.289459404070191], [-75.60324156183475, 6.289356063216838], [-75.60312741730533, 6.288681069897538], [-75.60284829313215, 6.288699334247152], [-75.6027987322004, 6.2883445766180115], [-75.60225265673951, 6.2880722914219245], [-75.60221987486462, 6.287666864676398], [-75.60203874980446, 6.287562888575271], [-75.60191771479016, 6.28694869087209], [-75.60178163701126, 6.286807123308159], [-75.60176178995899, 6.286533259709251], [-75.60164080562565, 6.286500521837614], [-75.60151842351301, 6.285580421806933], [-75.60136619613205, 6.285286409873781], [-75.60209609611391, 6.284614880241159], [-75.60263577921049, 6.285100791207756], [-75.60320246169225, 6.285254774146698], [-75.60376103330469, 6.285919512976794], [-75.60397649211667, 6.286387256660079], [-75.60535771570441, 6.285931840961811], [-75.6052026298068, 6.285826621441337], [-75.60556548716875, 6.285647599441916], [-75.60570352744979, 6.285739971180603], [-75.60613459787852, 6.285672287923028], [-75.60639832356334, 6.285857146814831], [-75.60654437185848, 6.285695230937485], [-75.60651489125758, 6.28551606759968], [-75.60598953343178, 6.285355084165671], [-75.60581335219743, 6.285164722974812], [-75.60569797627049, 6.284876086810647], [-75.60569449742428, 6.284148674289362], [-75.60605434360939, 6.28365128744653], [-75.60596883091445, 6.282985641963159], [-75.6063311169413, 6.283532118007241], [-75.60673023821788, 6.2831638210739325], [-75.60686092506484, 6.283162413688823], [-75.6074324423586, 6.28414644640859], [-75.60813986937222, 6.284874047097977], [-75.60906086949724, 6.284469217560617], [-75.60967917207971, 6.284516224301189], [-75.60987645730059, 6.2841730146904915], [-75.60985627025472, 6.284075190159486], [-75.60905923849819, 6.283051903741911], [-75.60903974173026, 6.282719436068566], [-75.6095722130313, 6.282534368876657], [-75.60960209493359, 6.2819286063394975], [-75.61005064405194, 6.2820906774540175], [-75.610771992937, 6.282500615128408], [-75.61068757850997, 6.28214155723594], [-75.61051186353181, 6.281934795861368], [-75.61051313423377, 6.28163568154436], [-75.61030897191279, 6.28111811437582], [-75.61034171201632, 6.281018562909239], [-75.60994263058404, 6.2802978724541285], [-75.6096623418889, 6.280178943815471], [-75.60941282213562, 6.279629859419021], [-75.60915352913145, 6.279597013515337], [-75.60906979922544, 6.2794465665145776], [-75.60937819503386, 6.27894077830654], [-75.61007545842203, 6.278415085827588], [-75.61125021622966, 6.277881078823709], [-75.61149726865025, 6.277819368726449], [-75.61202042771137, 6.2778880138136195], [-75.61312538773367, 6.277468196933054], [-75.6138661600911, 6.277554340071778], [-75.61475751249694, 6.277496533044451], [-75.6153792603952, 6.277813989797982], [-75.6164239471581, 6.277481944056281], [-75.61704755678373, 6.277564868483473], [-75.61719859460486, 6.277439647922295], [-75.61720643747897, 6.277031143865482], [-75.61736434013437, 6.276819150140683], [-75.61824532252615, 6.276930914753025], [-75.61890379940728, 6.276757514652671], [-75.6192932647229, 6.276348243260387], [-75.6201139277768, 6.276454114867201], [-75.62032902806372, 6.276546803888251], [-75.62064073130625, 6.276927981175957], [-75.62146417320571, 6.277574033084635], [-75.62156476127458, 6.27649550240388], [-75.62166049954884, 6.276358790930883], [-75.62161033745843, 6.275968063164252], [-75.62172027123852, 6.275662650121781], [-75.6217381751506, 6.275203050535128], [-75.62131275078241, 6.274256308957862], [-75.62086960253771, 6.274100155158235], [-75.62078649114548, 6.2738784593763794], [-75.62049541659071, 6.273609423868642], [-75.62074401062223, 6.270336627354204], [-75.6203282672914, 6.270099163046689], [-75.62001302849607, 6.270063822524092], [-75.6189818129218, 6.270161034948961], [-75.61846786576764, 6.2701278376375456], [-75.6176948332925, 6.270489102491531], [-75.61607481192912, 6.27080096573085], [-75.61570849190927, 6.271027644285522], [-75.6152448713623, 6.271158969238325], [-75.61418547537984, 6.271058924472912], [-75.6137329137873, 6.270939760328014], [-75.61285211124802, 6.271153848556679], [-75.61238122895078, 6.271535409082097], [-75.61178842703937, 6.271853593410395], [-75.61118727672422, 6.272391838662256], [-75.6103673747667, 6.272646653133569], [-75.60952711303884, 6.272429056940891], [-75.6087194684223, 6.272367647179568], [-75.60773227925375, 6.274243136346566], [-75.60787909324253, 6.274419584448953], [-75.60768485317232, 6.274572284637524], [-75.60768149613506, 6.274674971396852], [-75.60729243341422, 6.274970321428276], [-75.60735629126279, 6.2751723917416005], [-75.60721637137443, 6.275398392319532], [-75.60725935334175, 6.275643557582816], [-75.60762905371797, 6.276043555330238], [-75.60745766954572, 6.276462037964349], [-75.60713385716461, 6.2763347477515685], [-75.6065053958247, 6.276520120156567], [-75.60601695898738, 6.2764885143503655], [-75.6055160842349, 6.276285142374528], [-75.60492822577254, 6.275688523506792], [-75.60402077867258, 6.275262561834459], [-75.6035882428659, 6.275232080057105], [-75.60320204343452, 6.275699941573061], [-75.60284009662152, 6.275744036458272], [-75.60080723602051, 6.2747180906015885], [-75.60035042205254, 6.274711338064724], [-75.59993118909043, 6.274839383308682], [-75.59977672097692, 6.274681992465047], [-75.59938992147563, 6.274617603185622], [-75.59907595800587, 6.274436815498883], [-75.59887377997474, 6.273954300629997], [-75.59869366362702, 6.273748564790307], [-75.59841770357188, 6.273655391125803], [-75.59773687024284, 6.273633156930803], [-75.59721024676871, 6.273332872799865], [-75.59664273179222, 6.272799525633263], [-75.59628586156404, 6.272722702201561], [-75.59545524551687, 6.272766820120903], [-75.59477537234139, 6.27239055074221], [-75.59350030134078, 6.271061688194706], [-75.59322583961985, 6.270278585262081], [-75.59292655951597, 6.270044680806874], [-75.5923584759204, 6.269269501105942], [-75.59165940247514, 6.26867174089576], [-75.59145724085927, 6.268355339592028], [-75.59026350179983, 6.267092008217991], [-75.58894951394969, 6.266233231799096], [-75.58845374029683, 6.266072785937898], [-75.5872749369518, 6.265186736737662], [-75.58753223025964, 6.264813836528384], [-75.58695808411325, 6.264156546297808], [-75.58700541902846, 6.2640965866198375], [-75.586667717681, 6.263564277083171], [-75.58669981770463, 6.263517843469256], [-75.58656481689363, 6.263437283201492], [-75.58596441576374, 6.262507897303094], [-75.58572106527188, 6.262848908030218], [-75.585640883486, 6.262801449448207], [-75.58532045115005, 6.262528132532237], [-75.58507661622342, 6.262180111557663], [-75.58487292149995, 6.26166804514114], [-75.58451834268297, 6.26139265972826], [-75.58356315547701, 6.261062064155461], [-75.58262746898727, 6.260292392399147], [-75.58172049512763, 6.259740987604733], [-75.57983918241476, 6.259105835789336], [-75.57729093107048, 6.258905608243835], [-75.57681058420326, 6.258990040680063], [-75.57646625520574, 6.259157829001955], [-75.57610822658917, 6.259192062231013], [-75.57439011617191, 6.2598095651745185], [-75.57414464462879, 6.2598034082657], [-75.57312095542136, 6.261995801814022], [-75.57240745764324, 6.264001573757269], [-75.57212697013762, 6.265093688081219], [-75.57311433465966, 6.265334742125235], [-75.57534754417233, 6.265712813512384], [-75.57595232731911, 6.266042891592311], [-75.57652843074933, 6.266585855564628], [-75.57671727562821, 6.266664785258605], [-75.57687504281988, 6.266628902260931], [-75.57721076629839, 6.266310275739072], [-75.57684769517492, 6.267912150717066], [-75.57614398113711, 6.269602041436978], [-75.57969018842033, 6.272216749871124], [-75.57988098829816, 6.272565114534825], [-75.57993564173663, 6.273529334367694], [-75.57962968553095, 6.273645164925585], [-75.5787893914073, 6.2747519153257905], [-75.57873466553727, 6.275932598162314], [-75.57816115162156, 6.27671611585659], [-75.57871132704845, 6.277213530386366], [-75.57724033855192, 6.278867436091409], [-75.57513180596168, 6.277223467826242], [-75.57417395448061, 6.278355996819342], [-75.57512027351487, 6.2792787734353706], [-75.57537987500966, 6.279428752868912], [-75.57535657143795, 6.27951626654742], [-75.57496832341691, 6.279723303252726], [-75.57452436104141, 6.280118994127506], [-75.5743158014405, 6.280871556718846], [-75.5728245889779, 6.280505071720573], [-75.57239111020927, 6.280472909825015], [-75.57234318516483, 6.280861417258957], [-75.57313986881631, 6.2810348579688124], [-75.57367856521533, 6.281021292379335], [-75.57426470049533, 6.281534323444387], [-75.57467521750722, 6.281717384583644], [-75.57484067061608, 6.28198972268368], [-75.5752212581688, 6.281871063228262], [-75.57555723768427, 6.281919650515462], [-75.57577916034654, 6.282230408481814], [-75.5764339800044, 6.282661438519796], [-75.57644689439036, 6.282965690163214], [-75.5766488426353, 6.283138001895611], [-75.5768658970836, 6.2832221928688385], [-75.57719482322379, 6.283150908238392], [-75.57778941922398, 6.28362823323398], [-75.57827770571674, 6.28381521756508], [-75.57866193874528, 6.283803921814935], [-75.57878699649213, 6.283990213499698], [-75.57941812321769, 6.284163526364528], [-75.58011131607735, 6.28474254848639], [-75.58119122776222, 6.284907868835914], [-75.58185680460149, 6.285155957143224], [-75.58220182164347, 6.285133346783184], [-75.58240647146656, 6.285297905595381], [-75.58240312434208, 6.2855988158445975], [-75.5827270734406, 6.285669854419752], [-75.58277209985415, 6.2855843173750445], [-75.58305817920132, 6.285631756496684], [-75.58333783220692, 6.285876584447895], [-75.58385692868032, 6.286054948296446], [-75.58403635988574, 6.286263791505608], [-75.58413322953571, 6.286642488314204], [-75.58432804914199, 6.286675173825051], [-75.58449270761653, 6.28618906375629], [-75.58465670076299, 6.287357047256303], [-75.58487962993146, 6.287743261255858], [-75.58533975104773, 6.2881004005087116], [-75.5857111617762, 6.2882754952290885], [-75.58565492333312, 6.288357257329536], [-75.58573679957986, 6.2884781831223675], [-75.58604624716273, 6.288553885028366], [-75.58645877774563, 6.289096845721694], [-75.5868078886232, 6.289735596831709], [-75.58655943322609, 6.289912996033731], [-75.58653276710298, 6.290047250856789], [-75.58911977279872, 6.292192645394674], [-75.58880714269776, 6.2923103351629335], [-75.58851582258262, 6.292681669171891], [-75.58844454253882, 6.292661295717854], [-75.58796746618614, 6.293142429566282], [-75.58845672501481, 6.293501435761956], [-75.59019370951954, 6.29534890178869], [-75.5902837067135, 6.295352659934389], [-75.5913912094846, 6.294496245156766], [-75.59144549988096, 6.2946873908672085], [-75.59190635263832, 6.295073748660292]]]}, "properties": {"OBJECTID": 3, "comuna": "07", "sector": 2, "nombre": "ROBLEDO", "fecha_sincronizacion": 1774145701000, "Shape_Length": 22895.98847902347, "Shape_Area": 9280287.065360708}}, {"type": "Feature", "id": 4, "geometry": {"type": "Polygon", "coordinates": [[[-75.57080939033521, 6.270816879912559], [-75.57212697013762, 6.265093688081219], [-75.5717898133556, 6.265026462947197], [-75.57175628270454, 6.265122788181365], [-75.56425336583845, 6.263942391381343], [-75.56404420155354, 6.2639203045041105], [-75.56325282627469, 6.264082751456393], [-75.55765507148288, 6.2631181073095075], [-75.55825712361931, 6.2622867813790455], [-75.55800601395055, 6.262343184034628], [-75.55720701297773, 6.262219587205561], [-75.55627393995307, 6.261398995997679], [-75.5559251020453, 6.261469899958148], [-75.55566168262682, 6.262002648945273], [-75.5556031399193, 6.262334924496459], [-75.55493602761074, 6.268181500585911], [-75.55259515907424, 6.281427168002878], [-75.55244068753653, 6.2819861346826436], [-75.55277892508005, 6.282000775604468], [-75.55287010496102, 6.2823358627097345], [-75.55258335669669, 6.2866865642432606], [-75.55269628407386, 6.2868617745946045], [-75.5537544265656, 6.287112325887953], [-75.55409445409387, 6.287326224288567], [-75.55467992905498, 6.287315302033385], [-75.55465956362085, 6.288643635955877], [-75.55522781286237, 6.288749291877585], [-75.55520607164206, 6.28899474936662], [-75.55529922452541, 6.2891407841682785], [-75.55584627828637, 6.289321451126328], [-75.55584197678631, 6.288777009630526], [-75.55606763254532, 6.289082549067747], [-75.55739752536442, 6.289073111514252], [-75.557650204794, 6.289324735420779], [-75.55783880736189, 6.289320219014239], [-75.55797433564238, 6.289052402382485], [-75.55824764404304, 6.2889168035530325], [-75.55880272074498, 6.289116830644584], [-75.55918520158988, 6.289137604563809], [-75.55936224956037, 6.2892733001523204], [-75.55969508527292, 6.289226287184232], [-75.56004252213692, 6.289596761483907], [-75.56051172954294, 6.289852382270066], [-75.5612963560541, 6.289868041041439], [-75.56123116714762, 6.2913704197452684], [-75.56158568442959, 6.291373032169023], [-75.56220004318872, 6.291533322076072], [-75.56234218431418, 6.291155172908311], [-75.56256624804344, 6.291458925276402], [-75.56277900516268, 6.291540252319829], [-75.5630203065211, 6.291296823868469], [-75.56322302315785, 6.291342749551354], [-75.56336053673591, 6.291504271815649], [-75.56331519294653, 6.291696716693512], [-75.56343887174133, 6.291722687191169], [-75.5638770698091, 6.290911682325199], [-75.56482133055675, 6.2899309778486945], [-75.56539505743751, 6.2890579115813505], [-75.56555265072635, 6.288510940536967], [-75.56582124313653, 6.286760104614942], [-75.56614019816053, 6.285689625779903], [-75.56686110119647, 6.284909404322938], [-75.56803492567397, 6.284145454803059], [-75.56819055557726, 6.283950359412836], [-75.56810742060725, 6.283917527978904], [-75.56833232991922, 6.283175981263569], [-75.5683838216073, 6.28174802241778], [-75.56850151851819, 6.280930996525943], [-75.57080939033521, 6.270816879912559]]]}, "properties": {"OBJECTID": 4, "comuna": "04", "sector": 1, "nombre": "ARANJUEZ", "fecha_sincronizacion": 1774145701000, "Shape_Length": 9971.59207413801, "Shape_Area": 4888863.793979378}}, {"type": "Feature", "id": 5, "geometry": {"type": "Polygon", "coordinates": [[[-75.57622471213881, 6.28836882456451], [-75.57823823900748, 6.289069248496913], [-75.57882321950767, 6.287387724626054], [-75.58028850861693, 6.285094354827443], [-75.5803672968043, 6.284792556359224], [-75.57994929496266, 6.284643480441273], [-75.57941812321769, 6.284163526364528], [-75.57876563000394, 6.283979628102234], [-75.57866193874528, 6.283803921814935], [-75.57827770571674, 6.28381521756508], [-75.57777812524999, 6.283622583241301], [-75.57724884659687, 6.28317243582395], [-75.5768658970836, 6.2832221928688385], [-75.5766488426353, 6.283138001895611], [-75.57644689439036, 6.282965690163214], [-75.5764339800044, 6.282661438519796], [-75.57577916034654, 6.282230408481814], [-75.57555723768427, 6.281919650515462], [-75.5752212581688, 6.281871063228262], [-75.57484067061608, 6.28198972268368], [-75.57467521750722, 6.281717384583644], [-75.57426470049533, 6.281534323444387], [-75.57367856521533, 6.281021292379335], [-75.57313986881631, 6.2810348579688124], [-75.57234318516483, 6.280861417258957], [-75.57239111020927, 6.280472909825015], [-75.5728245889779, 6.280505071720573], [-75.5743158014405, 6.280871556718846], [-75.57452436104141, 6.280118994127506], [-75.57496832341691, 6.279723303252726], [-75.57535657143795, 6.27951626654742], [-75.57417395448061, 6.278355996819342], [-75.57513180596168, 6.277223467826242], [-75.57724033855192, 6.278867436091409], [-75.57871132704845, 6.277213530386366], [-75.57816115162156, 6.27671611585659], [-75.57873466553727, 6.275932598162314], [-75.5787893914073, 6.2747519153257905], [-75.57962968553095, 6.273645164925585], [-75.57993564173663, 6.273529334367694], [-75.57988098829816, 6.272565114534825], [-75.5796097339317, 6.27214834445631], [-75.57614398113711, 6.269602041436978], [-75.57684769517492, 6.267912150717066], [-75.57721076629839, 6.266310275739072], [-75.57687504281988, 6.266628902260931], [-75.57671727562821, 6.266664785258605], [-75.57652843074933, 6.266585855564628], [-75.57595232731911, 6.266042891592311], [-75.57534754417233, 6.265712813512384], [-75.57311433465966, 6.265334742125235], [-75.57212697013762, 6.265093688081219], [-75.56850151851819, 6.280930996525943], [-75.5683838216073, 6.28174802241778], [-75.56833232991922, 6.283175981263569], [-75.56810742060725, 6.283917527978904], [-75.56819055557726, 6.283950359412836], [-75.56803492567397, 6.284145454803059], [-75.56686110119647, 6.284909404322938], [-75.56614019816053, 6.285689625779903], [-75.56582124313653, 6.286760104614942], [-75.56555265072635, 6.288510940536967], [-75.56523070874758, 6.2893808263807385], [-75.56482133055675, 6.2899309778486945], [-75.5638770698091, 6.290911682325199], [-75.56355135775358, 6.2914110034676405], [-75.56296226256401, 6.293276683337101], [-75.56248002577529, 6.2940413322876925], [-75.56146297498626, 6.294957658426216], [-75.56141702996665, 6.294664278778161], [-75.56127885966399, 6.29465208977434], [-75.5609200510327, 6.295034451523297], [-75.56057135515405, 6.295182780727038], [-75.5600253056191, 6.295637717843492], [-75.55981415700931, 6.296077958561202], [-75.55965652115238, 6.297427792982459], [-75.55944829415722, 6.297555871006768], [-75.55853348038123, 6.298999805160818], [-75.55818627071758, 6.299881325874167], [-75.5581107860165, 6.300302862108913], [-75.55711718981505, 6.302763427616177], [-75.55695249780791, 6.303452716689386], [-75.55687562793565, 6.3043946575625975], [-75.55717749739519, 6.306286789087208], [-75.55709512267413, 6.307956469484512], [-75.5573530895138, 6.3093185832003975], [-75.5573366145665, 6.309675588573427], [-75.55709524138771, 6.310334399878973], [-75.55630841633102, 6.311390730843454], [-75.55829257393225, 6.31227287921757], [-75.55868216843996, 6.312266276365382], [-75.55889530170721, 6.312066341641103], [-75.55914576292612, 6.312005075491845], [-75.56002697505491, 6.312153950262023], [-75.56025441493901, 6.312046677989674], [-75.5606016111503, 6.3120939548864], [-75.56101759930547, 6.311971633670271], [-75.5614786502309, 6.31216400585551], [-75.56189550158699, 6.3119719893844435], [-75.56221313427145, 6.312026364067917], [-75.56250195648494, 6.311916592805336], [-75.56289191066963, 6.3120684991185465], [-75.56333298064712, 6.312007956996484], [-75.56384798403485, 6.3120541104411245], [-75.56414084223695, 6.3119007050447875], [-75.56438353586205, 6.311897555676616], [-75.56476833979907, 6.312137630297864], [-75.56509053831144, 6.31223005552778], [-75.56544650424054, 6.312517964236542], [-75.56580814831698, 6.312658640227107], [-75.56595644204701, 6.3128336574183885], [-75.5661240538077, 6.312845955696634], [-75.5665919875654, 6.312752571807286], [-75.5667879682508, 6.31260784113061], [-75.56730564733792, 6.312667321973643], [-75.56749748060537, 6.3124616080251315], [-75.56771845993649, 6.312368116137891], [-75.56775598613015, 6.3121941330627], [-75.56789859992678, 6.312141572622241], [-75.56821720796137, 6.312299200149613], [-75.56873388472277, 6.312240191777699], [-75.56969474122064, 6.310898792804904], [-75.57080706689271, 6.310822483724816], [-75.57125662790074, 6.3105718551966765], [-75.57192899829931, 6.308217944433324], [-75.5718321994711, 6.307557866599533], [-75.57202419285345, 6.305746630177991], [-75.5715415074758, 6.305737656552627], [-75.57157888908772, 6.304874153356055], [-75.56908630772766, 6.30489492808575], [-75.56874214901372, 6.303145321798934], [-75.56891932693857, 6.302651386556044], [-75.57005604447279, 6.300437991581687], [-75.57011307359171, 6.30035072530955], [-75.57048916899583, 6.300546364378279], [-75.57079467598452, 6.29958065879165], [-75.57093637287583, 6.299366837521417], [-75.57122155336859, 6.299287226999827], [-75.5721858568249, 6.299420004576439], [-75.57282538030233, 6.298778182431422], [-75.57285068500214, 6.298542800384141], [-75.57265604583948, 6.297830570618197], [-75.57309541346146, 6.297173137061455], [-75.57600047259963, 6.288381980877391], [-75.57604842870191, 6.2883098198528495], [-75.57622471213881, 6.28836882456451]], [[-75.56367006914738, 6.293776327241825], [-75.56366496419344, 6.293772676266577], [-75.56365809793571, 6.293766024211525], [-75.56367006914738, 6.293776327241825]], [[-75.56370705633542, 6.293802656339732], [-75.56370504372104, 6.293801288384887], [-75.56370303104902, 6.293799908677108], [-75.5637050446157, 6.293801286572323], [-75.56370705633542, 6.293802656339732]]]}, "properties": {"OBJECTID": 5, "comuna": "05", "sector": 2, "nombre": "CASTILLA", "fecha_sincronizacion": 1774145701000, "Shape_Length": 16186.453933856688, "Shape_Area": 6051672.1896198895}}, {"type": "Feature", "id": 6, "geometry": {"type": "Polygon", "coordinates": [[[-75.59894767466763, 6.20443577128987], [-75.59860931727921, 6.204058421707502], [-75.59838405972464, 6.203587907057443], [-75.5979333296575, 6.203266520539099], [-75.59820667778992, 6.203249316367341], [-75.59863724661665, 6.202031393143331], [-75.5989286882737, 6.201972271372727], [-75.59898659844244, 6.201686524565767], [-75.59997067230664, 6.2001385328310175], [-75.59908273201648, 6.200158153665881], [-75.59877614751998, 6.2000417758251976], [-75.59843650653382, 6.199757849901019], [-75.59826999153685, 6.199578975830535], [-75.59818610895059, 6.1993039424526915], [-75.59677799012967, 6.198945800125172], [-75.59661537797784, 6.198783081755394], [-75.59650234157172, 6.198486567826684], [-75.59593742661029, 6.198176785486771], [-75.59560814503882, 6.197849236691506], [-75.59528847073102, 6.197265511525809], [-75.59515948320356, 6.197161761378988], [-75.59474774189707, 6.197488174989318], [-75.5945047907268, 6.197583372949917], [-75.5942662685762, 6.1974556538253855], [-75.59400208825598, 6.19743593717358], [-75.59347014462911, 6.197153722278788], [-75.59362057862414, 6.196935332495918], [-75.59331804365337, 6.196772983428303], [-75.59337715053907, 6.196634324439554], [-75.59328709700803, 6.196548342592545], [-75.59297660954797, 6.196444910993361], [-75.59223376524278, 6.196380481053516], [-75.59220000185314, 6.195373438253461], [-75.59178711540082, 6.193333706541176], [-75.59152831455313, 6.1931651340156835], [-75.59124511560573, 6.193213566981231], [-75.59105627377349, 6.1933852320416225], [-75.59078170383789, 6.19348261646801], [-75.5905668151778, 6.19376879722194], [-75.59020969121836, 6.1939007933044055], [-75.59025839197962, 6.193948414612891], [-75.58984120612034, 6.194201713074058], [-75.58852417003862, 6.194887473476973], [-75.58838317327535, 6.194880583866488], [-75.58763306269194, 6.196684388780625], [-75.58749632351093, 6.19682124430202], [-75.58734981319597, 6.19685057459417], [-75.58315957015876, 6.195824336343187], [-75.5808026707855, 6.197172803575656], [-75.58023993614161, 6.198915253512658], [-75.57988694061214, 6.200773817006801], [-75.57562149419599, 6.231217379003811], [-75.57561886467663, 6.231343743543411], [-75.57649578180771, 6.231603854714526], [-75.57673809535835, 6.231973059286857], [-75.57681813645652, 6.232417825004728], [-75.58066157871926, 6.2332019419258], [-75.58269571260205, 6.233299824486831], [-75.58275691204717, 6.231788083504385], [-75.58972619630181, 6.2315952614963885], [-75.59014908672532, 6.231398617955219], [-75.59030378422024, 6.231216674316158], [-75.59070403036041, 6.229601833557159], [-75.59099309941466, 6.229284279992515], [-75.59137870604884, 6.229103921205484], [-75.59126774163646, 6.227629838427153], [-75.59131559806659, 6.226264641546726], [-75.5942211181874, 6.211213321648835], [-75.59670456459682, 6.210172044398718], [-75.59713033153017, 6.210178979175569], [-75.59781658152613, 6.21053439284698], [-75.59783978779492, 6.210485750035638], [-75.59823101504261, 6.210685828654224], [-75.59829569643948, 6.210614435403572], [-75.59829948249288, 6.210475755594965], [-75.5980272670236, 6.210098226818479], [-75.59801657523661, 6.20943877912275], [-75.59791983281579, 6.2091515665806405], [-75.59830805764862, 6.208839368524065], [-75.59827464734288, 6.208294234055622], [-75.59803768744462, 6.208047328367295], [-75.59850427890387, 6.207617822021148], [-75.59842422797014, 6.207202192664446], [-75.59861684744244, 6.206903606235113], [-75.59836581081598, 6.2065822451141655], [-75.59844905826374, 6.206488734068234], [-75.59843275708474, 6.206088218695924], [-75.59805086195168, 6.204998905818805], [-75.59871049776943, 6.204670498230375], [-75.59894767466763, 6.20443577128987]]]}, "properties": {"OBJECTID": 6, "comuna": "15", "sector": 6, "nombre": "GUAYABAL", "fecha_sincronizacion": 1774145701000, "Shape_Length": 12944.419743874287, "Shape_Area": 7335889.730094397}}, {"type": "Feature", "id": 7, "geometry": {"type": "Polygon", "coordinates": [[[-75.60307441426882, 6.237618982721318], [-75.59984124341977, 6.237708929786252], [-75.60003161545298, 6.238276650189339], [-75.60019082663167, 6.238504175203679], [-75.60022557432609, 6.238841531027231], [-75.59020186843141, 6.239196395594602], [-75.59009028842772, 6.239066437358997], [-75.58992218279836, 6.239027206486676], [-75.58977792165277, 6.2390841235448], [-75.58967956356602, 6.239240691866236], [-75.58939866680963, 6.239256257605629], [-75.57750373983119, 6.239649277771207], [-75.58013070365584, 6.247259746480144], [-75.58026311554701, 6.247708741127066], [-75.58028519380963, 6.248216624952907], [-75.57999099280084, 6.249121986733646], [-75.57414464462879, 6.2598034082657], [-75.57439011617191, 6.2598095651745185], [-75.57610822658917, 6.259192062231013], [-75.57646625520574, 6.259157829001955], [-75.57681058420326, 6.258990040680063], [-75.57729093107048, 6.258905608243835], [-75.57983918241476, 6.259105835789336], [-75.58135885652884, 6.259586861148784], [-75.5822313836537, 6.26002817536716], [-75.58356315547701, 6.261062064155461], [-75.58451834268297, 6.26139265972826], [-75.58487292149995, 6.26166804514114], [-75.58507661622342, 6.262180111557663], [-75.58532045115005, 6.262528132532237], [-75.585640883486, 6.262801449448207], [-75.58572106527188, 6.262848908030218], [-75.58596441576374, 6.262507897303094], [-75.58656481689363, 6.263437283201492], [-75.58669981770463, 6.263517843469256], [-75.586667717681, 6.263564277083171], [-75.58700541902846, 6.2640965866198375], [-75.58695808411325, 6.264156546297808], [-75.58753223025964, 6.264813836528384], [-75.5872749369518, 6.265186736737662], [-75.58845374029683, 6.266072785937898], [-75.58894951394969, 6.266233231799096], [-75.59023357444076, 6.267066017448263], [-75.59145724085927, 6.268355339592028], [-75.59165940247514, 6.26867174089576], [-75.5923584759204, 6.269269501105942], [-75.59292655951597, 6.270044680806874], [-75.59322583961985, 6.270278585262081], [-75.59348844295099, 6.271043608465157], [-75.59411374633369, 6.271738886594386], [-75.59462454558667, 6.271262000963107], [-75.59470263398953, 6.271600372242528], [-75.59505046478603, 6.27112917205823], [-75.59500167173286, 6.271018956836122], [-75.59517205931333, 6.270619661543392], [-75.59539335542898, 6.269568641896626], [-75.59531618027931, 6.269553236349364], [-75.59534032636273, 6.269430535306213], [-75.59659992195257, 6.26376222753511], [-75.59646628271108, 6.26364944259228], [-75.5964441219026, 6.2634792956022665], [-75.59654489299486, 6.263335673928778], [-75.59671381857314, 6.263298984793918], [-75.59848974923197, 6.255331706303182], [-75.59891458405379, 6.254350408443162], [-75.59720024574949, 6.254922691604161], [-75.59642091795806, 6.255075452288311], [-75.59686272575162, 6.25012001463817], [-75.59944653036422, 6.250075453318218], [-75.60003678516044, 6.250160195826248], [-75.6008308128729, 6.2504784855319135], [-75.6020731597843, 6.250569775331637], [-75.60213875204404, 6.2504307872141345], [-75.602282639158, 6.250378826716048], [-75.60275238279496, 6.243348839287121], [-75.60287664745186, 6.243262388660751], [-75.60677114178452, 6.244173782135792], [-75.6074457317456, 6.243370286096439], [-75.60780905579176, 6.241925537219305], [-75.6095055593769, 6.242109140478069], [-75.61186002415192, 6.242538673397868], [-75.61181498299116, 6.241703993857243], [-75.612015716428, 6.241659662265011], [-75.61245841401954, 6.241352101712351], [-75.6130188374623, 6.240541937645383], [-75.61350739405007, 6.240127165315683], [-75.61335314682802, 6.239930796110068], [-75.61233796919461, 6.239442530160783], [-75.61195500052077, 6.2386994308639], [-75.61173585695194, 6.237888699949377], [-75.6115349721812, 6.237553254895593], [-75.61097347718704, 6.237518432901745], [-75.61047639068488, 6.237629694072676], [-75.60989713338971, 6.239355684141765], [-75.6092246638785, 6.238921927909377], [-75.60846459414215, 6.2386485604813435], [-75.60817864782511, 6.238058719637196], [-75.60794920257682, 6.237822086121598], [-75.6073520971975, 6.237455643757904], [-75.60307441426882, 6.237618982721318]]]}, "properties": {"OBJECTID": 7, "comuna": "11", "sector": 4, "nombre": "LAURELES", "fecha_sincronizacion": 1774145701000, "Shape_Length": 15913.695720725997, "Shape_Area": 7291937.387269896}}, {"type": "Feature", "id": 8, "geometry": {"type": "Polygon", "coordinates": [[[-75.55510730318186, 6.2667069410999225], [-75.55566168262682, 6.262002648945273], [-75.5559251020453, 6.261469899958148], [-75.55627393995307, 6.261398995997679], [-75.55592811676746, 6.261045691194659], [-75.55571750711624, 6.261026952592545], [-75.55550692668832, 6.261113039740668], [-75.55523195662707, 6.261766027945595], [-75.55427802493047, 6.262589418035381], [-75.55406768709085, 6.262658893605144], [-75.55354645845729, 6.262555560936961], [-75.55368217789383, 6.262058078901659], [-75.55370996716385, 6.2610198643610735], [-75.55296727576766, 6.26140746468234], [-75.55274386039171, 6.26142076171384], [-75.55231834935363, 6.261729018238441], [-75.5520992245407, 6.262043773746877], [-75.55143479580725, 6.26231268205506], [-75.55127304176999, 6.262469553271704], [-75.55000425321218, 6.26213241070098], [-75.54928176504312, 6.2616013564722595], [-75.54902102896453, 6.261549809168356], [-75.54881216432165, 6.2616402942260745], [-75.54838473095323, 6.261406489472182], [-75.54837542607777, 6.261119927686417], [-75.54806538918514, 6.261041406542216], [-75.54759441834241, 6.261134117804651], [-75.54751504889853, 6.261061599662299], [-75.54710427152173, 6.2610650035205575], [-75.54685242087852, 6.261960960146493], [-75.54659985188809, 6.262210520984266], [-75.54592019719627, 6.262317175759002], [-75.54487770883672, 6.261691529303541], [-75.54487741357413, 6.261606336614066], [-75.54281682096517, 6.261291983363781], [-75.54278617258076, 6.26158258799978], [-75.5418598874195, 6.261517984625786], [-75.54182881212868, 6.261625614017562], [-75.54158542578743, 6.261665801932055], [-75.5415904676052, 6.261590393674529], [-75.54150284168433, 6.261588927681336], [-75.54150012864602, 6.261708122490671], [-75.5414108422056, 6.261728169710116], [-75.53982365750024, 6.261262129621402], [-75.53971065022475, 6.261734318358545], [-75.53954464620293, 6.261772060369067], [-75.5394908513408, 6.261927535102517], [-75.53932352448312, 6.261957431263568], [-75.53941314742696, 6.262160749022528], [-75.53916812550901, 6.262376016183912], [-75.53931752481604, 6.262459747002376], [-75.53918006796029, 6.26318330883246], [-75.5392125193301, 6.26346406930921], [-75.53906298795557, 6.263532122473322], [-75.5390592257126, 6.263653410162871], [-75.539176266116, 6.26365537955653], [-75.53917552207562, 6.263782353954469], [-75.53897076732585, 6.263793822112491], [-75.53897274365809, 6.263932921066461], [-75.53907676577613, 6.263946401352107], [-75.53909906224644, 6.264445518828561], [-75.5388709432328, 6.265120931084344], [-75.53947153279671, 6.265485629119461], [-75.53938898091081, 6.265777173788759], [-75.53907753645298, 6.266020024982483], [-75.53933331961397, 6.266557644084851], [-75.53950183152772, 6.266669879731782], [-75.53947660776294, 6.266815560316403], [-75.53887305340807, 6.266940966689452], [-75.53777346024044, 6.266909717272893], [-75.53779879184, 6.267026921376591], [-75.53764998804094, 6.267124978598127], [-75.53776138747581, 6.267293583447926], [-75.53788974616619, 6.267238877937258], [-75.53802058695402, 6.267511913944689], [-75.53789751945249, 6.2675830885239], [-75.53770658092583, 6.267590856258447], [-75.53763197540613, 6.267511831821746], [-75.53738359353383, 6.267584753090212], [-75.53701350851351, 6.267284269589928], [-75.53666341516615, 6.26725031296501], [-75.53659942386855, 6.26729285651262], [-75.5365042849646, 6.267815450809328], [-75.53573592776814, 6.267876448038936], [-75.53571370870945, 6.267677060887297], [-75.53551087105167, 6.2672901960159635], [-75.5349609944143, 6.267571840190507], [-75.53406382999573, 6.267800994980104], [-75.53387974657936, 6.2680772424385225], [-75.53411156096155, 6.268201196051022], [-75.53431098291023, 6.268750971800347], [-75.53437011858821, 6.269153729557611], [-75.5343039097253, 6.2694254534415625], [-75.53440938023843, 6.27021894454782], [-75.5345329785226, 6.270186114029053], [-75.53510039203313, 6.270663224982289], [-75.53541310719196, 6.270781002318805], [-75.53549743007522, 6.270770914760721], [-75.53549403391139, 6.270660118407842], [-75.53565689606275, 6.270659943149408], [-75.5358634459981, 6.271131456974709], [-75.53701852405001, 6.2724495810482805], [-75.53682947527469, 6.272997399558017], [-75.53674148696942, 6.272954732110296], [-75.53669196956741, 6.273087410141501], [-75.53666366644127, 6.273208881996979], [-75.53677455122676, 6.273227965028344], [-75.53674548232188, 6.2733258016402536], [-75.53637101433081, 6.273303423239265], [-75.53628560234218, 6.2738897253005295], [-75.53727425203145, 6.274041629224759], [-75.53733711392009, 6.274857704379114], [-75.53569581969317, 6.275017224804302], [-75.53571504348534, 6.275517015526032], [-75.53586885006666, 6.275483059653364], [-75.53661622923451, 6.275697947549076], [-75.53666871250743, 6.275814775924976], [-75.53603987640041, 6.2757714119905], [-75.53592419684874, 6.2762417798997765], [-75.53608936472371, 6.276615398538252], [-75.5365026240294, 6.277146517374759], [-75.53624025214805, 6.2772731090536995], [-75.53663831208617, 6.278199721530979], [-75.53674171501783, 6.278694689763871], [-75.53736764212157, 6.2794065684605584], [-75.53770760081113, 6.279487587985766], [-75.53837042401564, 6.279448276596018], [-75.53831763189234, 6.279356488684614], [-75.53839852339905, 6.279257118520058], [-75.53823290702701, 6.279103897467559], [-75.53836021908371, 6.278903390523745], [-75.53849361528196, 6.279034724719181], [-75.53873841783322, 6.2789089846218635], [-75.53888413576907, 6.279062305657991], [-75.53882820264913, 6.279167710834275], [-75.53891437556322, 6.279496231164899], [-75.53927822875457, 6.280134170312451], [-75.53956981496528, 6.281035754137201], [-75.53956082337658, 6.281396951417128], [-75.53934268359028, 6.2818398661802455], [-75.53937430267439, 6.2820874735524965], [-75.53813660740946, 6.281571882648751], [-75.53747990417233, 6.2816446172957265], [-75.53753197884235, 6.281782021222288], [-75.53761509790426, 6.281748444205115], [-75.53764833134255, 6.281809906362017], [-75.53730956409737, 6.2819956102994094], [-75.53735831296665, 6.282147031474472], [-75.53727980410154, 6.282423247309549], [-75.53746466070452, 6.282470093806159], [-75.53749872817924, 6.282967590126904], [-75.53775875180452, 6.283002634616569], [-75.53779229588554, 6.283211460136345], [-75.53762732332902, 6.283259610129297], [-75.53784358094572, 6.283350481603998], [-75.53778275228848, 6.283587347852282], [-75.53772208510817, 6.283744209311984], [-75.53729847500045, 6.283436443951356], [-75.53667278726591, 6.2843345639382315], [-75.53664899938245, 6.284535953973611], [-75.53637183770167, 6.285004095345663], [-75.53674715838196, 6.285079448209304], [-75.53729995012795, 6.285408323192514], [-75.5376613050635, 6.285943982430987], [-75.53818437217159, 6.286071771961023], [-75.53836188533563, 6.285799046018155], [-75.53913663981237, 6.285753848085275], [-75.5390825535047, 6.284834827350077], [-75.53919347315589, 6.284410807225271], [-75.54014393484837, 6.285140034751263], [-75.54053177162572, 6.285343706609469], [-75.54031429146595, 6.285476025162665], [-75.54023938436532, 6.285824836241003], [-75.53997122541129, 6.2858861544241025], [-75.54017250945266, 6.2860447508120725], [-75.54038254794403, 6.286059427055899], [-75.54076568796405, 6.286329717126066], [-75.54127771829111, 6.286080094417726], [-75.54163433766756, 6.286276455179452], [-75.54265414100908, 6.286343178534866], [-75.5430584586477, 6.286154481979672], [-75.54332261300377, 6.2858513010742305], [-75.54374116450622, 6.285891214718119], [-75.54405658968152, 6.2856924509080665], [-75.54420711710982, 6.28578514598882], [-75.5441646884986, 6.285886396553256], [-75.54430265466887, 6.285889700280208], [-75.54430583443497, 6.285953653152778], [-75.54476066907293, 6.285956768393648], [-75.54480555135636, 6.285577513569384], [-75.54499404786735, 6.285618131353192], [-75.54523227205253, 6.285530632660111], [-75.54577182661654, 6.285170134015905], [-75.54619527882272, 6.2851409771415705], [-75.54677013345, 6.284796339356679], [-75.54721114274896, 6.284857379381289], [-75.54736528722104, 6.285135374906068], [-75.5475832526735, 6.285129733299975], [-75.54772442558038, 6.285032555437763], [-75.54805983057773, 6.285342199489235], [-75.54822133451916, 6.285185130291587], [-75.54855764458777, 6.285208376088209], [-75.54846218553115, 6.2855003747494855], [-75.54892765180071, 6.285530469202432], [-75.54909488930787, 6.285169341642067], [-75.54913130116137, 6.284232782832308], [-75.55092486600272, 6.284679619772956], [-75.55092485338905, 6.285080960397447], [-75.55130324589419, 6.285111262587117], [-75.55138259813963, 6.285298148466128], [-75.55185028423632, 6.285331196742217], [-75.55189296188058, 6.285870755806983], [-75.55199728097548, 6.2858468780869305], [-75.55183042153989, 6.286488277682901], [-75.55258335669669, 6.2866865642432606], [-75.55287010496102, 6.2823358627097345], [-75.55277892508005, 6.282000775604468], [-75.55244068753653, 6.2819861346826436], [-75.55259515907424, 6.281427168002878], [-75.55484102293579, 6.268753008513842], [-75.55510730318186, 6.2667069410999225]]]}, "properties": {"OBJECTID": 8, "comuna": "03", "sector": 1, "nombre": "MANRIQUE", "fecha_sincronizacion": 1774145701000, "Shape_Length": 13441.475487415268, "Shape_Area": 4880207.740272221}}, {"type": "Feature", "id": 9, "geometry": {"type": "Polygon", "coordinates": [[[-75.71834310777982, 6.326461743038511], [-75.71810911793096, 6.325863902803556], [-75.71825007212816, 6.325174926639343], [-75.71812863904638, 6.324719800088686], [-75.71830712123044, 6.324107357741682], [-75.71823860176964, 6.323625330139864], [-75.71806215671032, 6.323246510772308], [-75.71824304587736, 6.322774056773108], [-75.71782983643644, 6.322395385518549], [-75.71781501395292, 6.32197523189796], [-75.7177213465407, 6.3217640956316155], [-75.71724477168092, 6.32166844768377], [-75.71726090359604, 6.321270054497931], [-75.71717498676567, 6.32111841926078], [-75.71683380619405, 6.321080048830409], [-75.71656609183248, 6.320933544644115], [-75.71609651912165, 6.3209975366761135], [-75.71593397292483, 6.32068191278291], [-75.71497153942573, 6.320498590214929], [-75.71489793906359, 6.320088614913043], [-75.71476172938999, 6.319896356099184], [-75.71424804182294, 6.319903758309306], [-75.71397570810917, 6.31981602459529], [-75.71379065243279, 6.319262410420941], [-75.71352754099539, 6.3189693147083394], [-75.7134256404777, 6.318160904995182], [-75.71331464834114, 6.317957338665445], [-75.71262112154778, 6.317379111117353], [-75.71222776525781, 6.317208492180586], [-75.7120443646303, 6.317008308675835], [-75.7124299897961, 6.316440553203991], [-75.71218065065482, 6.315885799821018], [-75.71130034050992, 6.315538240616797], [-75.71043950743005, 6.314778525276615], [-75.71042699131915, 6.314338067588508], [-75.71024104542296, 6.313410789435202], [-75.71055436190726, 6.312847466569876], [-75.71052333125962, 6.312367064020307], [-75.71063285720386, 6.312041573725123], [-75.7104274299894, 6.3118405369395285], [-75.71036613052001, 6.311658219616671], [-75.71055107597203, 6.311201063861999], [-75.71055629619647, 6.310832624986135], [-75.71071457578692, 6.310201885026409], [-75.71041235817754, 6.309546625437531], [-75.71010586312539, 6.309308866186459], [-75.70991562411564, 6.308834083924028], [-75.70983846010655, 6.308388716459522], [-75.70954258478714, 6.3080230246110265], [-75.70927151824883, 6.3074856504508245], [-75.7093149155002, 6.306485510452219], [-75.7092456088985, 6.306230754061819], [-75.70882685513477, 6.305659192528561], [-75.7083560256984, 6.30529619490703], [-75.70813847302345, 6.304906236684736], [-75.70816924233311, 6.303816870696698], [-75.70771498222734, 6.302866619599981], [-75.70776265647598, 6.302442968608646], [-75.7080278446274, 6.302238931472494], [-75.70818772962468, 6.301425224848065], [-75.70852931912454, 6.301021673317909], [-75.70893313238332, 6.3009834617455756], [-75.70894023126938, 6.300705514677854], [-75.7086701521252, 6.300461272864019], [-75.7086008077838, 6.3002954289812925], [-75.70860551598251, 6.300026451904505], [-75.70877031468709, 6.299723810296064], [-75.70883234628268, 6.299378607507599], [-75.70887518104068, 6.298703926661344], [-75.70869346706007, 6.298296030697575], [-75.70829945048402, 6.297898281344706], [-75.70802657913407, 6.297478070242015], [-75.70800734055703, 6.297020815618143], [-75.70772770904041, 6.2967967438265555], [-75.70780401339574, 6.296169117837089], [-75.7074287090378, 6.295593160750646], [-75.707414336105, 6.295463155433536], [-75.70804004985324, 6.294194317940632], [-75.70785836577853, 6.293894010887758], [-75.70776984268274, 6.293423322413591], [-75.70786193938672, 6.293332506967136], [-75.70813541689967, 6.2933604678915716], [-75.70821424777112, 6.293299931722464], [-75.70848657078952, 6.292999504724466], [-75.70854624874202, 6.292773091557596], [-75.70866570755817, 6.292732721435655], [-75.70896440798886, 6.292817820781076], [-75.70913638898176, 6.292584661456956], [-75.70885199838894, 6.292423357424572], [-75.70848866175655, 6.291898945337071], [-75.70859616073129, 6.291807012239558], [-75.70900235883501, 6.291764324633652], [-75.70895687377309, 6.291448287727351], [-75.70879674120316, 6.291313837187697], [-75.70838811040868, 6.291188430915355], [-75.70808457837816, 6.29093746168728], [-75.70818715676648, 6.290309830002257], [-75.70846184244256, 6.289933191267657], [-75.70794390532129, 6.289012066443243], [-75.70794369927982, 6.288237519412247], [-75.70803571638082, 6.288059374635026], [-75.708124685012, 6.287018612730271], [-75.7082597992709, 6.2868448757999555], [-75.70827411339972, 6.28658309158726], [-75.70793163560919, 6.286164878365131], [-75.7076266653759, 6.2860974921976815], [-75.70743674161872, 6.285919429769201], [-75.70674891858911, 6.285023616116806], [-75.70689836140838, 6.28443794549737], [-75.70653835160365, 6.282961820518504], [-75.70717394283626, 6.2821601129990015], [-75.70774928758101, 6.282000734300623], [-75.70793047356398, 6.281773991552077], [-75.70814869770642, 6.280178960613279], [-75.70829530064545, 6.279722829370801], [-75.70824631305362, 6.279415182567605], [-75.70847337574942, 6.278616284268769], [-75.70829197285121, 6.278022601196108], [-75.70847592187974, 6.277396447628255], [-75.70836937687227, 6.276991659223937], [-75.70852438103658, 6.275696205624373], [-75.70834015069946, 6.275267155424178], [-75.70860470510297, 6.274837978943463], [-75.7086506663748, 6.274576185682004], [-75.7089526628644, 6.274290043020334], [-75.70899279064884, 6.273769165394759], [-75.70922279370261, 6.273234740836669], [-75.7092456192772, 6.272508770378901], [-75.70934904549178, 6.272001373893173], [-75.70930584343961, 6.271804370053668], [-75.70950712684903, 6.271439982303377], [-75.70952143118905, 6.271151212496447], [-75.70947818033264, 6.270803082429373], [-75.70925654589568, 6.270341660176001], [-75.70938017206207, 6.270060953543297], [-75.70977416954685, 6.269596656477093], [-75.70990847615755, 6.268570460371254], [-75.71020057988247, 6.267936765644824], [-75.71042634352426, 6.266527361042051], [-75.71040349773243, 6.26598722651923], [-75.71068961624516, 6.265045388513916], [-75.71068826449728, 6.264855154386831], [-75.71046026947823, 6.264339304833479], [-75.71063538994447, 6.263832014985677], [-75.71065512171528, 6.263398112485455], [-75.7102918768104, 6.262575021701978], [-75.71019001800633, 6.262153405215721], [-75.71029475820538, 6.261279743852511], [-75.71018171438396, 6.260777433347041], [-75.71018707152338, 6.26041406290098], [-75.71034103264898, 6.259877935241275], [-75.71026906536427, 6.259394381805763], [-75.71015557507913, 6.259166456268598], [-75.70949890808055, 6.2590532358833775], [-75.70779669522325, 6.258273315396676], [-75.70758420899728, 6.258362518339053], [-75.70715394236474, 6.25836941508827], [-75.70689598055395, 6.258549091684006], [-75.70678140775208, 6.258749143275302], [-75.70629384333435, 6.259998060504879], [-75.70551250712862, 6.260428794001192], [-75.70551253920995, 6.260550803205731], [-75.70584240244472, 6.260931539423209], [-75.7058033056939, 6.2611119721300454], [-75.70552370788886, 6.261335048153396], [-75.70487678629446, 6.2613455663550015], [-75.70462179929044, 6.261252656749362], [-75.70439544543461, 6.261340434514525], [-75.70428816049383, 6.261567964434873], [-75.70434864726255, 6.262105451839086], [-75.70423736422346, 6.262253229396179], [-75.70403576488113, 6.262289221690436], [-75.70402853499812, 6.262381883206531], [-75.7042082333856, 6.262890362473587], [-75.70441609378504, 6.263134402564128], [-75.7039712810097, 6.263687127904646], [-75.7035411027062, 6.264025119566867], [-75.70324749858827, 6.26410430000161], [-75.70249423453737, 6.264111277962404], [-75.70141183806768, 6.264312709817188], [-75.7012398122436, 6.265086844426606], [-75.7009817908227, 6.26521686587683], [-75.70083142923805, 6.265151672176875], [-75.70079787487566, 6.265039852404634], [-75.70054372551758, 6.263480079677236], [-75.70044322834069, 6.263516265313805], [-75.70020673979604, 6.263925406646079], [-75.69984083232718, 6.263904037118353], [-75.69997764270794, 6.26453569834175], [-75.69990606359993, 6.265166357880223], [-75.69955446126203, 6.265740451762604], [-75.69924450742919, 6.265992499654453], [-75.69894078224671, 6.266082015315042], [-75.69927761705225, 6.267311408504368], [-75.69924681715194, 6.267621646746008], [-75.69944720834089, 6.268224242322186], [-75.69946744881206, 6.2685995441439015], [-75.69936334799816, 6.26863190477836], [-75.69910638280926, 6.2684545332504005], [-75.6985452424807, 6.268425565442022], [-75.69848609277568, 6.268486681151785], [-75.6985314005803, 6.268645368139799], [-75.69887547247718, 6.2690278145482266], [-75.6988536023573, 6.26923800746155], [-75.69814652880113, 6.269153388020773], [-75.69794794308305, 6.269226108605254], [-75.6979868335808, 6.269379991423272], [-75.69827915952801, 6.269592562073501], [-75.69833607516594, 6.269892373141542], [-75.69829332293405, 6.2704442723522416], [-75.6980983314358, 6.270938457993313], [-75.69812437051937, 6.271467144420718], [-75.69793111902902, 6.272013162898371], [-75.69782926151474, 6.272054655044728], [-75.69778435203513, 6.271992467030537], [-75.69776353061913, 6.271588178263756], [-75.69763742431401, 6.271353235563972], [-75.69714446734257, 6.271049366161897], [-75.69690899448935, 6.271606568480723], [-75.69664203778368, 6.271888305136342], [-75.69661737442443, 6.2728448834007455], [-75.69635521058461, 6.2732806471702585], [-75.69580010690669, 6.273818465021184], [-75.6957379481333, 6.2742905306850005], [-75.69540100384553, 6.274838844483286], [-75.69514664408614, 6.2748531138489385], [-75.69508157311417, 6.274458072119288], [-75.69496642729041, 6.274327578336595], [-75.69445032815729, 6.2743118871463555], [-75.69365087980535, 6.274811548887341], [-75.69251824217508, 6.275145180767719], [-75.69183199027484, 6.275706707303252], [-75.69128148783841, 6.275921029858932], [-75.69089947790407, 6.2759469048763386], [-75.69048380919669, 6.276091543595875], [-75.69029981947655, 6.275799276308177], [-75.69013762881889, 6.2757989518938535], [-75.69003597214771, 6.276249713131578], [-75.68989778544845, 6.276342265752571], [-75.68980723430319, 6.275980514356829], [-75.6896718356375, 6.275872050627324], [-75.6894710698886, 6.276309369736502], [-75.68909596590217, 6.276297757859552], [-75.68890783263495, 6.276538115128212], [-75.68852993454077, 6.276609900974704], [-75.68826826090137, 6.276909645875842], [-75.68860787055269, 6.276883642227282], [-75.68884212413778, 6.2769701055613805], [-75.68858585957761, 6.277432884716007], [-75.6878560172983, 6.278351892763321], [-75.68762973529049, 6.279029178037102], [-75.68749148540623, 6.279083593493287], [-75.68711651100784, 6.278997185517745], [-75.68680910102469, 6.279125150938823], [-75.68665896268186, 6.279575546336583], [-75.68655582709872, 6.279433633385218], [-75.68585901387227, 6.279965002970316], [-75.68585207650302, 6.279514924006129], [-75.68419987621701, 6.279389349782762], [-75.68418500832956, 6.279557390066035], [-75.68364745646836, 6.279877598256368], [-75.68390665601216, 6.2800737184887545], [-75.68333751203942, 6.279995877891862], [-75.68320488503784, 6.280379339511992], [-75.68361710684209, 6.2804366723232645], [-75.68290311552975, 6.280874467039191], [-75.68188121682056, 6.281855952125183], [-75.68159873530008, 6.282222520875054], [-75.68073503804743, 6.282404991908938], [-75.68022580445003, 6.2823311013370375], [-75.67948535173478, 6.28263570731879], [-75.67912138397435, 6.2826778326166695], [-75.67802899797604, 6.283665054663073], [-75.67769703369389, 6.284191138226078], [-75.67743049709188, 6.284416181847172], [-75.67734239675183, 6.2847116291365], [-75.67708288306852, 6.285078267769993], [-75.67704562268943, 6.285446362552396], [-75.67665281010824, 6.285876016716878], [-75.67616213214983, 6.286136583399196], [-75.67592168936714, 6.286656200358823], [-75.67513373949295, 6.287121628159158], [-75.67468179424323, 6.287830201544446], [-75.67383383507536, 6.288409591464927], [-75.67318122193306, 6.289120993619198], [-75.67266574744797, 6.290107239262927], [-75.67227010190298, 6.291390451000933], [-75.67206990940494, 6.291548375008139], [-75.67179305117658, 6.2920630252900525], [-75.67183508440567, 6.292541954057643], [-75.67177507095184, 6.292803767329323], [-75.67155097451835, 6.2929357265172765], [-75.67142357296882, 6.293141881694189], [-75.67158626778776, 6.29362828939321], [-75.6715467833643, 6.293912742745916], [-75.67165841297117, 6.294245065981575], [-75.67163800038277, 6.294598791514681], [-75.67151696990452, 6.294749419295538], [-75.67136866283684, 6.29524491227877], [-75.67141267039679, 6.295985146415303], [-75.67128026021317, 6.297370625370021], [-75.67136710613492, 6.297976058899002], [-75.67123745500106, 6.29838632711813], [-75.67131004374015, 6.2984445085951934], [-75.6711447640894, 6.299258816757408], [-75.67099259353088, 6.299350722088495], [-75.6709185184757, 6.2996208731732635], [-75.67114953594816, 6.299905766395773], [-75.67126806909815, 6.300302175853743], [-75.67144017626117, 6.30047508701434], [-75.67141672078459, 6.3006966834217275], [-75.67127288001663, 6.300764889965007], [-75.67124559115203, 6.300863998950544], [-75.67143091363583, 6.301767455048583], [-75.67130271794218, 6.301919749225964], [-75.67150367346898, 6.302177868743291], [-75.67164988906485, 6.303946655161196], [-75.67185212590306, 6.304350614499364], [-75.67195329590653, 6.3047916838079265], [-75.67172690840418, 6.305851710399215], [-75.6717953811317, 6.30622326386668], [-75.67172911254367, 6.3076784552718355], [-75.67141955468337, 6.308455429935149], [-75.67108387454506, 6.308557147954096], [-75.67084981591071, 6.308835635198927], [-75.670598143648, 6.309374886422901], [-75.67030221338239, 6.309467758851777], [-75.6700967111177, 6.30963174128866], [-75.66939645539571, 6.3103779745244255], [-75.66910439770712, 6.310818253079861], [-75.66860425302514, 6.311283313659117], [-75.66819550099427, 6.312024522137474], [-75.66844734203453, 6.31302103818028], [-75.6686543295989, 6.313416710217621], [-75.66857779873015, 6.313771211673815], [-75.66875661996656, 6.31418793250416], [-75.66899795056122, 6.315286366134333], [-75.66944701269449, 6.316263595292536], [-75.66956553179263, 6.316781554749509], [-75.66970662216546, 6.3169351085286305], [-75.66991397345524, 6.317714945172448], [-75.67021894290917, 6.318266685415593], [-75.67025440969282, 6.318701656048819], [-75.67038677464534, 6.319096637821473], [-75.670318444476, 6.320059331437569], [-75.67013335778093, 6.320523070829643], [-75.66994065858997, 6.320848756069287], [-75.66962691718967, 6.321160479466516], [-75.66918397087555, 6.321457382402392], [-75.669170805158, 6.321600848209249], [-75.66905216794495, 6.321729490114681], [-75.66832963398804, 6.3220312331260295], [-75.66797106470804, 6.322347916228869], [-75.66753601217985, 6.322585451711026], [-75.66691897730344, 6.322711721293579], [-75.66640218231825, 6.323006170682706], [-75.6661332591643, 6.323258525007141], [-75.66546875620477, 6.323322956857162], [-75.66479760588018, 6.323141826360716], [-75.66430601650775, 6.323111931894051], [-75.66383638241544, 6.3229547166275815], [-75.66348470737509, 6.323055108625513], [-75.6632149796576, 6.323292080586381], [-75.66287932326733, 6.3238255810283], [-75.66174942901365, 6.324378011226705], [-75.6612637281312, 6.325066233044141], [-75.6607542000238, 6.325123683362002], [-75.66060508801685, 6.3253442680922705], [-75.65985382160692, 6.325786742784173], [-75.65964740466039, 6.326548379260244], [-75.65938564253335, 6.3269247007119125], [-75.65850173919823, 6.3276739845844], [-75.65728011911567, 6.328378777424917], [-75.6569524100991, 6.328668299783833], [-75.6558553592645, 6.328620922057642], [-75.65526418171363, 6.3292488641584095], [-75.65504148978201, 6.330322109145962], [-75.6551067270189, 6.331157670240313], [-75.6550208270455, 6.332119251480226], [-75.65513356167338, 6.3322638046451125], [-75.65388109134494, 6.332224888207613], [-75.65358275180556, 6.332436921101333], [-75.65327764645082, 6.332950207714275], [-75.65325745610274, 6.333521732088433], [-75.653812127179, 6.333600579224848], [-75.65369733523058, 6.33386131640371], [-75.65343358806408, 6.33518469363584], [-75.6535993258196, 6.336307369223677], [-75.65388202715572, 6.337112851846313], [-75.654158268674, 6.338419716318319], [-75.65525843789884, 6.340447901613214], [-75.65527003192952, 6.341235661351064], [-75.65540782770651, 6.341707393988402], [-75.65527982894899, 6.342241464724721], [-75.65486438031758, 6.343152660796774], [-75.65440163498646, 6.344882536787092], [-75.65423856175117, 6.346000009418988], [-75.65432599915597, 6.3478099811630315], [-75.65445203017512, 6.34847395327156], [-75.65611566194491, 6.353507947512572], [-75.65620574589302, 6.3542739824796515], [-75.65639286295003, 6.354956231633011], [-75.65655157774256, 6.355315295753879], [-75.6568718142294, 6.355679241263672], [-75.65741713454533, 6.355971142800929], [-75.65825147516419, 6.356682120924818], [-75.65956580191471, 6.357589713991338], [-75.66081984675542, 6.35901067739927], [-75.66110579598683, 6.35947439725372], [-75.6615290058065, 6.359671859970138], [-75.66207073818768, 6.360069584484814], [-75.66254001137871, 6.360545801769889], [-75.66296307184119, 6.361167543747402], [-75.66355157042898, 6.363065998125944], [-75.6648340169665, 6.365228913838067], [-75.66536282762951, 6.3659300303882], [-75.66546208753866, 6.366611372427014], [-75.66527713090844, 6.367034785467101], [-75.66523094789524, 6.367425088943766], [-75.66554180551265, 6.368781133627166], [-75.66607076357447, 6.370256221470491], [-75.66627394228198, 6.371254187048428], [-75.6664061660456, 6.37156506742215], [-75.66646575627763, 6.37216041501826], [-75.66670372023619, 6.372497736914291], [-75.66683595854376, 6.372881383164192], [-75.66679639532462, 6.373351061245386], [-75.66690885184046, 6.373906703488384], [-75.66688254894807, 6.374621127659779], [-75.66700154093417, 6.374812950510281], [-75.66706102908653, 6.374872468860397], [-75.66725926878235, 6.3748261272750275], [-75.66869809786186, 6.37401550129014], [-75.66897893977325, 6.373926146946165], [-75.66989422142596, 6.374005354281327], [-75.67137148302058, 6.373277024896492], [-75.67295933374338, 6.372664114709834], [-75.67525061021732, 6.372298362447377], [-75.67655439488291, 6.371853684643041], [-75.67729624889473, 6.371979020357428], [-75.67771001246255, 6.371248641031191], [-75.67828260941721, 6.370585469317617], [-75.67932500620354, 6.370064058838032], [-75.68118046413461, 6.370108795272739], [-75.68228319859908, 6.369823389856074], [-75.68391325613203, 6.370076797181433], [-75.6845476918202, 6.3699061576397735], [-75.68491295563466, 6.3699033036683845], [-75.6857578706555, 6.369557876144499], [-75.68622725307524, 6.369812299712474], [-75.68640461451281, 6.370589338398001], [-75.68672692593468, 6.371083815300913], [-75.68843255383517, 6.37247555093247], [-75.6896700245057, 6.371635613010023], [-75.69062366909424, 6.371478798275726], [-75.69147087612944, 6.371456497875388], [-75.69172870083466, 6.371360688569483], [-75.6921264288585, 6.37097022652392], [-75.69229578599827, 6.370631383556764], [-75.69285954338994, 6.370223906518002], [-75.69393795523601, 6.370498135297283], [-75.69442209414075, 6.370474280059913], [-75.69522833860867, 6.370279991835355], [-75.69585477709458, 6.3704555749151455], [-75.69699367355146, 6.371373982443614], [-75.69720944440026, 6.37142759368774], [-75.69808249313083, 6.372355766618401], [-75.69899192814417, 6.3727348209882715], [-75.69924046544637, 6.373012568868562], [-75.69934162619701, 6.372865014290293], [-75.69970336168392, 6.372974916448011], [-75.69998704540838, 6.372925150313229], [-75.7011239006024, 6.372412035656571], [-75.70230912461693, 6.372329921428869], [-75.70275073763887, 6.372534904133979], [-75.70293756001824, 6.3728069116690795], [-75.70303911897236, 6.37279049697895], [-75.70313736523404, 6.372626579765371], [-75.70362552444111, 6.372577284704503], [-75.7039460154242, 6.372451080921301], [-75.70472522462585, 6.372779023781125], [-75.70506276124763, 6.373238994575157], [-75.70530235840326, 6.373220897794949], [-75.70586093851445, 6.373517510929648], [-75.70606501865007, 6.373496285238398], [-75.70666551898805, 6.373207941913469], [-75.70717185178746, 6.373283139476702], [-75.70721820505194, 6.373059526512032], [-75.70797260641153, 6.373114608593967], [-75.70824808113184, 6.3727544415290165], [-75.7085645824014, 6.372535808022011], [-75.7096099674284, 6.372536668496281], [-75.71099429953122, 6.3717912481426495], [-75.71198267238937, 6.371842116167616], [-75.71266359179458, 6.371676714728428], [-75.71330340009231, 6.371286712235367], [-75.71341736733162, 6.3714148220165985], [-75.71396988215382, 6.3713557463053165], [-75.71381536501292, 6.3709917662653], [-75.71405492139138, 6.370853583545355], [-75.7140162240632, 6.370331756708399], [-75.71417835097974, 6.36938011224241], [-75.71435952372433, 6.368950668403974], [-75.71622672115598, 6.366060213527767], [-75.7175283485083, 6.364635738086845], [-75.71759240405075, 6.364315388386073], [-75.71756820160637, 6.363436504035153], [-75.7171912247381, 6.362869645160859], [-75.71708027785178, 6.362256348676112], [-75.71719314404396, 6.360824466197729], [-75.71691855855651, 6.3607719590701635], [-75.71610753788984, 6.360175147557098], [-75.7164430990702, 6.35956437130077], [-75.71639668378111, 6.358879744834566], [-75.71627155161679, 6.358592920549408], [-75.71597651209376, 6.358331639081875], [-75.71579141114854, 6.357232570185791], [-75.71587487442356, 6.356874134081244], [-75.71543087942807, 6.356114230177514], [-75.71562488534684, 6.355456196229317], [-75.71585354892859, 6.355131141828488], [-75.71586313577288, 6.3549068302223635], [-75.71557380520044, 6.354757466936083], [-75.71485536815554, 6.354020645085354], [-75.71469257628625, 6.353512145911099], [-75.71448752601572, 6.353300767770414], [-75.71431201568322, 6.3525150049824655], [-75.71433755835595, 6.3522224000946155], [-75.71491426752156, 6.352178692994648], [-75.7152213012975, 6.351895428617473], [-75.71518146434553, 6.351552006996115], [-75.71481843137103, 6.350771179114081], [-75.7151047548349, 6.349566974635136], [-75.71512948843477, 6.349029857176487], [-75.71460600886144, 6.348194036300383], [-75.71393803694257, 6.347834759285426], [-75.71371068064931, 6.347532477976958], [-75.71365119187976, 6.347253844264946], [-75.71376552446291, 6.347012781035227], [-75.71420512907038, 6.3467897256359525], [-75.71485865755409, 6.34659449827902], [-75.71519572395083, 6.34615274121991], [-75.71534575932898, 6.34616106194993], [-75.71578550323407, 6.346403364398883], [-75.71605140283444, 6.346433955072997], [-75.7162132867865, 6.346367029002061], [-75.71649691940972, 6.346068790910286], [-75.7169068902028, 6.346053351911574], [-75.71768809297387, 6.345635171416263], [-75.71778604723606, 6.345341161138549], [-75.71781555808705, 6.344682141992931], [-75.71815997268295, 6.3439812293359745], [-75.71831290488736, 6.343765231789499], [-75.71895893921618, 6.343356824006135], [-75.71895296057659, 6.3432453672923454], [-75.7184610877256, 6.342530762132768], [-75.71844469071999, 6.34235521344564], [-75.71871498622667, 6.342192130327507], [-75.71917839778544, 6.342076354943254], [-75.71931349151784, 6.341824145420685], [-75.71917956470065, 6.3409910191332814], [-75.71930108728539, 6.340061676525449], [-75.71877820294384, 6.339524523147361], [-75.71865384680109, 6.339035253273927], [-75.7180450611767, 6.338461655631638], [-75.71831357302848, 6.338170319481471], [-75.71831663282558, 6.3380013906689925], [-75.71786477249071, 6.337774335538363], [-75.71774513278599, 6.337472929413414], [-75.71758206618509, 6.337320068268863], [-75.7178085619162, 6.33665011697603], [-75.71759879325438, 6.33606911013876], [-75.71757075669775, 6.3357560250902285], [-75.71734867550394, 6.3355332713489], [-75.71674784096571, 6.335571310583389], [-75.71638762178354, 6.3354971364654995], [-75.71592595242284, 6.334448264125331], [-75.71606315190222, 6.333915716274156], [-75.71603579298991, 6.333506983775543], [-75.71610411520122, 6.333331103908602], [-75.7165627669498, 6.332896507418054], [-75.71704573287705, 6.332619139943687], [-75.71721986294129, 6.3322239392410555], [-75.7175374743268, 6.332192813996322], [-75.71790133912303, 6.331940305797249], [-75.71802252283302, 6.331493390842958], [-75.71836439556489, 6.331468468802742], [-75.71850553141506, 6.331373262296816], [-75.71858250188579, 6.330580847333806], [-75.71852501425691, 6.330096746663276], [-75.71878079049465, 6.329809092064971], [-75.71887332983174, 6.329455282156487], [-75.71909602883497, 6.329200742887503], [-75.71856422513504, 6.328367133846089], [-75.71804129565925, 6.327721785776076], [-75.7179397240686, 6.327332864391358], [-75.7177676065552, 6.327053612786492], [-75.71782711950358, 6.326910840752326], [-75.71827478517854, 6.3266624486206835], [-75.71834310777982, 6.326461743038511]], [[-75.69587829830074, 6.34490742602242], [-75.69588256860675, 6.344891116442217], [-75.69587841592273, 6.344907804185527], [-75.69587304466317, 6.344927506781487], [-75.69587829830074, 6.34490742602242]]]}, "properties": {"OBJECTID": 9, "comuna": "50", "sector": 7, "nombre": "PALMITAS", "fecha_sincronizacion": 1774145701000, "Shape_Length": 40999.88392234657, "Shape_Area": 57790716.95343809}}, {"type": "Feature", "id": 10, "geometry": {"type": "Polygon", "coordinates": [[[-75.65403782918418, 6.224896042467283], [-75.6540276369061, 6.224055075989846], [-75.65443984068152, 6.223159091205987], [-75.65447447326989, 6.222775566714451], [-75.65420085903091, 6.2219489340416665], [-75.65398456453829, 6.221596583682481], [-75.65398685013446, 6.221146691250324], [-75.65380249742559, 6.220840726882648], [-75.65359859517018, 6.220077879240183], [-75.65357343638782, 6.219533644085755], [-75.653665487133, 6.218950335300484], [-75.65359133853538, 6.2186186213257155], [-75.65319215273799, 6.218031567778649], [-75.65315027774488, 6.217740064671913], [-75.65270930441275, 6.216821448842802], [-75.6526710493168, 6.216168008351459], [-75.65204743817209, 6.214787509233918], [-75.65190399818573, 6.2142363848474576], [-75.65218120644411, 6.214166129086748], [-75.65275310001894, 6.21427746287913], [-75.65351418710587, 6.2142576400278156], [-75.65324514811802, 6.211025777972175], [-75.65349271300252, 6.209922589824751], [-75.65257815581629, 6.209366721663061], [-75.65225155811704, 6.208755445994163], [-75.65215974921244, 6.208330023928709], [-75.65203560492957, 6.208203425158284], [-75.64819317982504, 6.208244543636513], [-75.64602683005373, 6.208027760906521], [-75.64463192501337, 6.207993821503823], [-75.64359333292431, 6.208141111056842], [-75.64248953025273, 6.208120248332304], [-75.64060277252099, 6.207899232194974], [-75.63932926559622, 6.207427864995018], [-75.63890162496074, 6.207174472776372], [-75.63817536788149, 6.2065305491308544], [-75.63794607068995, 6.206428234280973], [-75.63772081002084, 6.206435605890086], [-75.63730582433628, 6.205669585009085], [-75.63724483012543, 6.205030165032042], [-75.63701337687925, 6.204674947210144], [-75.63686276940476, 6.204148385052848], [-75.63636139607176, 6.203474559309968], [-75.6357536517475, 6.202993763303052], [-75.63447266593644, 6.201589341521224], [-75.63386672785497, 6.201190303802889], [-75.63342188939612, 6.2010521605862206], [-75.63273302146652, 6.201146273049561], [-75.6322035462487, 6.200563035985228], [-75.63054530571223, 6.199179314565925], [-75.63033463372065, 6.198736501799008], [-75.630316466281, 6.19786945245084], [-75.63020855208244, 6.197259102394396], [-75.62984190345928, 6.196886644156725], [-75.6295408213333, 6.196255439077569], [-75.62704065055874, 6.1966741646594725], [-75.62592604600997, 6.196460994011835], [-75.62471224749008, 6.196344874765888], [-75.62406639347206, 6.196472163124397], [-75.62208866971011, 6.19630201377458], [-75.62152934199635, 6.196366504885613], [-75.62089175704929, 6.196605482082532], [-75.61916948113006, 6.195874507009777], [-75.61790258266404, 6.196170951099415], [-75.6175190055495, 6.196509845254175], [-75.61700975562434, 6.197401319908807], [-75.61682275187165, 6.197525765919543], [-75.61563503456513, 6.1974242415385214], [-75.61521898716695, 6.197709793841962], [-75.61496059885283, 6.197767059246729], [-75.61419974143608, 6.197740933097586], [-75.61403586524968, 6.198392669517163], [-75.61389495319128, 6.198574518754557], [-75.61343722399054, 6.1988326714110675], [-75.61239980642873, 6.19909653572649], [-75.60885210132263, 6.199296394019398], [-75.60794601212034, 6.198869910333615], [-75.60738513613401, 6.198141723191192], [-75.60692737134951, 6.19792970080911], [-75.60582480349676, 6.1988496531455475], [-75.60502271527044, 6.198285066045888], [-75.603517414317, 6.198144561330312], [-75.60243729394034, 6.198685190433769], [-75.60216988413852, 6.198599381275178], [-75.60099000183686, 6.1991233607677145], [-75.60080672766017, 6.199027879278004], [-75.6000804574634, 6.199341604642598], [-75.59988096359149, 6.199308709004744], [-75.59991207002881, 6.199426647092748], [-75.60094911394174, 6.200217746720462], [-75.60083760799941, 6.2003115644939335], [-75.60164447586392, 6.200244777480928], [-75.60179666944012, 6.200045214983191], [-75.60177885148288, 6.199919610509051], [-75.60162307165946, 6.1998015897710905], [-75.60194869334083, 6.199370427932167], [-75.60210782137945, 6.199490199609657], [-75.60207308733987, 6.199608394751864], [-75.60228859683525, 6.199816236917588], [-75.6030513809235, 6.200167016565109], [-75.60342495070049, 6.201096531010456], [-75.6034597441649, 6.201531289527852], [-75.60366280483197, 6.201699208419121], [-75.6034669931553, 6.2019791360247405], [-75.60382202227787, 6.202595441769669], [-75.60403090319632, 6.20274939907553], [-75.60409376506058, 6.202659539222468], [-75.6054322960889, 6.203433091905156], [-75.60540021221584, 6.203056070059478], [-75.60586621935511, 6.202732971210062], [-75.60570788702779, 6.202466415838389], [-75.60586791567385, 6.202568382830215], [-75.60639003738603, 6.20247020442228], [-75.60648302009048, 6.202810494075775], [-75.6064606996353, 6.2030448567220375], [-75.60671981346051, 6.203000198581423], [-75.60681735152764, 6.203065234281692], [-75.60671909434058, 6.203398057469673], [-75.6068910107786, 6.20357992739803], [-75.60687778343936, 6.203776142429845], [-75.6067323406528, 6.203833592375148], [-75.60704890308187, 6.204026862623421], [-75.60715890519452, 6.204331257063218], [-75.60739112463595, 6.204601178596547], [-75.60782437667585, 6.204486807304992], [-75.60872614612953, 6.204735303457349], [-75.60929224366114, 6.204785463443494], [-75.60973272242065, 6.205043381390944], [-75.60925630712725, 6.205795560591078], [-75.60843275449756, 6.2058802212035795], [-75.60798884703783, 6.206108545541571], [-75.6073450040582, 6.206152659520777], [-75.60688737982039, 6.205637695671409], [-75.6067071919401, 6.205664868894543], [-75.6064931994624, 6.205857723286754], [-75.60624474351259, 6.205723118026429], [-75.60596515026573, 6.206187394334449], [-75.60596366301773, 6.2066477644054165], [-75.60552790108956, 6.206587121766041], [-75.60535303160174, 6.206982524155296], [-75.6059268694831, 6.207015991339781], [-75.60633573793267, 6.2072467006880565], [-75.6069603618188, 6.207341281759247], [-75.6071665424946, 6.207538901890595], [-75.60724947553649, 6.2079604362992615], [-75.60712148213732, 6.2087092162403215], [-75.60702827910629, 6.208862309992693], [-75.6054568992933, 6.209793359669343], [-75.6056157410153, 6.210048499653247], [-75.6053191731445, 6.2101486829877155], [-75.6055316947039, 6.2105443977621455], [-75.60506015963477, 6.210971573738774], [-75.60504305927581, 6.2110878062653665], [-75.60516199076241, 6.211274281892988], [-75.60484299719576, 6.211623491845134], [-75.60497639000738, 6.21181045948199], [-75.60449555243055, 6.2121495103790965], [-75.60488582713134, 6.212750698548438], [-75.60490071222489, 6.212818067754087], [-75.60477100924322, 6.212919733696852], [-75.60497084553323, 6.213001920543426], [-75.60532123014984, 6.212764634573506], [-75.60559894042646, 6.2133200203514765], [-75.60487284911778, 6.214162605294846], [-75.60500705184997, 6.214533390908776], [-75.6054298448125, 6.215029963243456], [-75.6050018713698, 6.216071526527463], [-75.60450803190503, 6.216208646290979], [-75.60385501946192, 6.21653301153338], [-75.60346865843566, 6.216472635097462], [-75.60296256673695, 6.21596735916193], [-75.60277980614354, 6.2152290590440895], [-75.60266591226626, 6.215039504165707], [-75.60244922273601, 6.2148047474925505], [-75.6021037645788, 6.214718926424542], [-75.60225403140537, 6.214796343371804], [-75.60247194216554, 6.215142965502198], [-75.60239844917831, 6.2156023044805], [-75.60278810274686, 6.2159024095654285], [-75.6030474561238, 6.216410083030232], [-75.60350700881663, 6.216628370838854], [-75.60388608684745, 6.216690418551114], [-75.60429467471796, 6.216488959139341], [-75.60453609427485, 6.216523806161643], [-75.60465247484437, 6.216599474291166], [-75.60480680973752, 6.217041380223186], [-75.60528528773615, 6.217577990575257], [-75.60605839403514, 6.217332720860202], [-75.60688031156826, 6.21819717582751], [-75.60689158593057, 6.218127318139281], [-75.60712036076028, 6.21821635695346], [-75.60757931913541, 6.2182368639520105], [-75.60831521275865, 6.218117449671197], [-75.60906555722738, 6.218310137548036], [-75.6096753420503, 6.218830391177407], [-75.61016392626681, 6.219070955722826], [-75.61006282716927, 6.2192405288786885], [-75.60988209841874, 6.2193259999391435], [-75.61052192103313, 6.2192736674191496], [-75.61052053147668, 6.219137647976241], [-75.61072979407267, 6.218840467691942], [-75.61125754111082, 6.21845345019494], [-75.61186007465311, 6.21830991280834], [-75.61271502097951, 6.2183580921270165], [-75.61264692535774, 6.218462459383192], [-75.61275679041145, 6.218613603977553], [-75.61240571589786, 6.218937124331105], [-75.61210695386586, 6.219077696561038], [-75.61215228954143, 6.219189741518908], [-75.6118354437821, 6.2195450438723885], [-75.61190034474521, 6.219673805846774], [-75.61184402767165, 6.219770734106851], [-75.61168646385141, 6.219803983702452], [-75.61158715411766, 6.219696234117086], [-75.61144611677052, 6.2198818242033385], [-75.61136805206156, 6.219880692327195], [-75.61157582062428, 6.22001337935239], [-75.6119104656961, 6.220081925581631], [-75.61218997756198, 6.220320075186683], [-75.61201886943272, 6.220789235951018], [-75.61199380975344, 6.221443321664192], [-75.61214898518836, 6.2217177703809465], [-75.61251848587504, 6.221815276674007], [-75.6125024634584, 6.221879143876457], [-75.61223463350876, 6.2219149483843985], [-75.61189387670301, 6.222349081024026], [-75.6119838193978, 6.222593871055198], [-75.61179292103513, 6.2234955630520234], [-75.61139418856877, 6.223452766035964], [-75.61089750521562, 6.223275005608226], [-75.61082164949715, 6.223541398755059], [-75.6110066712951, 6.223685631667434], [-75.61081642657459, 6.22410349427858], [-75.61068197789163, 6.224221624380269], [-75.61065569176407, 6.22458358950638], [-75.6105731691238, 6.224722033793536], [-75.60979475211452, 6.224197833261697], [-75.60919485792853, 6.224374483133825], [-75.60913243241929, 6.224640350774619], [-75.60879149369423, 6.224492442700174], [-75.60865913219119, 6.224509762587993], [-75.60861575895123, 6.224193579641758], [-75.60831173096018, 6.224274072417057], [-75.6085213154007, 6.224634415583496], [-75.60842584407239, 6.225245327530773], [-75.60848392152212, 6.225837645880756], [-75.6089430960038, 6.226370060832374], [-75.609436589719, 6.22647439266912], [-75.6095390491657, 6.226409625860274], [-75.60980779963616, 6.226527198831044], [-75.60982236955387, 6.226671417151854], [-75.60956082937253, 6.22667605971139], [-75.60962387608546, 6.2267902312496295], [-75.60958175516423, 6.226954590538003], [-75.60982524088114, 6.2268949291227305], [-75.60983645488984, 6.227135003849433], [-75.60970004934987, 6.22720958326778], [-75.60982920354434, 6.227268370162407], [-75.61008457056002, 6.227602786295063], [-75.61018011660914, 6.227879035569383], [-75.60992470002718, 6.228522029371763], [-75.6094374902081, 6.229376052518897], [-75.60968676929207, 6.229517018112755], [-75.60961560709396, 6.229706200351615], [-75.61033598437244, 6.229869862593462], [-75.61106158435875, 6.229373107858774], [-75.61097620540569, 6.228441652335899], [-75.61104142105016, 6.228144528281881], [-75.61115417328341, 6.227999417611616], [-75.61167982677202, 6.22784006572807], [-75.61184471766673, 6.227343504733075], [-75.61199647302513, 6.227390324998069], [-75.61201166173886, 6.227606736540941], [-75.61282778692573, 6.227372444984189], [-75.61398667628991, 6.227711329969254], [-75.61437898415781, 6.228012091172384], [-75.61403843431775, 6.22858375705904], [-75.61223097704116, 6.229705829161818], [-75.61265568946826, 6.230379430496412], [-75.61281713894284, 6.231008799305315], [-75.61304632253416, 6.23097525177955], [-75.61304242539505, 6.23078255773461], [-75.61351668035972, 6.230843700740727], [-75.61394989883209, 6.231022959800169], [-75.61432455497118, 6.230992189080752], [-75.61509886866297, 6.231205075047902], [-75.6153459553641, 6.231151589091347], [-75.61558540227816, 6.23125062869331], [-75.6160166134274, 6.231605181840222], [-75.61602304285539, 6.2317854211735835], [-75.61571728285075, 6.232154837561561], [-75.61580222916517, 6.2323691581230705], [-75.61567282591534, 6.233000118850264], [-75.6155849688732, 6.232990911323427], [-75.61555315660918, 6.233298004702551], [-75.61543528561421, 6.233320778088866], [-75.6154596802527, 6.23346214054494], [-75.61537542971428, 6.233523502290817], [-75.61544945282473, 6.2335992440490715], [-75.61560942371457, 6.233504939490521], [-75.61552098021947, 6.233863704356032], [-75.61487556082677, 6.233815689174135], [-75.61472513421833, 6.234134944223315], [-75.61485781684647, 6.234246474183865], [-75.61486361161413, 6.234491509900898], [-75.61589949821729, 6.234553997539639], [-75.61666511274552, 6.234893793039051], [-75.61734853684064, 6.234998777486143], [-75.61826869531102, 6.2356358617761485], [-75.61874279566122, 6.2357785709553], [-75.61929283420729, 6.235807414814262], [-75.62026671872668, 6.235633671723744], [-75.6212717530175, 6.235934493450023], [-75.62225950965845, 6.235874201774407], [-75.62244412602149, 6.235818593678067], [-75.6225684871319, 6.235680333103766], [-75.62266501009549, 6.23584148663012], [-75.6223471661817, 6.236088542574285], [-75.62206360732272, 6.236553239915056], [-75.62191321931773, 6.236540493771409], [-75.62170895055506, 6.236346032194384], [-75.62080352459753, 6.236880220117787], [-75.6199049839663, 6.2367873537715965], [-75.61936759250217, 6.237032625026152], [-75.6191577322185, 6.237316657599265], [-75.61899011733851, 6.237358324765451], [-75.61838916361533, 6.236846737155735], [-75.61801708918156, 6.237028479922242], [-75.6177556186888, 6.236814504483682], [-75.61752887444786, 6.237005774788959], [-75.61738170098276, 6.237013196286521], [-75.61708574158375, 6.2368174431415015], [-75.61663627444467, 6.236681077923306], [-75.61599381847594, 6.23658418465417], [-75.6157171286745, 6.236695911103746], [-75.61555959949497, 6.236673355159504], [-75.61475328447919, 6.236189233322751], [-75.61461955616994, 6.236340916820428], [-75.61458014691667, 6.236699015440471], [-75.61430068358241, 6.236768588777906], [-75.61402141489104, 6.236708491613777], [-75.6131030617624, 6.236283431749218], [-75.61313898641399, 6.23622068433984], [-75.6121656634001, 6.23562226797338], [-75.61165903377906, 6.2351426933590615], [-75.61155810371126, 6.2351950100599405], [-75.61207960068326, 6.235665939651276], [-75.61294849465746, 6.236263939461513], [-75.61248692826605, 6.237242524415794], [-75.61241594635666, 6.237233680424393], [-75.6121659559964, 6.238044543203371], [-75.61183761255073, 6.238221109797655], [-75.61195500052077, 6.2386994308639], [-75.61233796919461, 6.239442530160783], [-75.61335314682802, 6.239930796110068], [-75.61379807025331, 6.2403655521445], [-75.61578111263977, 6.2400558716130545], [-75.61626991200859, 6.240233341988215], [-75.61697844931716, 6.239992093126924], [-75.617283848696, 6.239986343742978], [-75.61803117213266, 6.240067716446644], [-75.61935489753266, 6.240542360523362], [-75.62089751354492, 6.2405559728735716], [-75.6209850479646, 6.240698845175279], [-75.62122916301966, 6.240583073922215], [-75.62140661875482, 6.24075689340915], [-75.62158379925955, 6.240758569397842], [-75.62167167597588, 6.240936979098161], [-75.62211367244596, 6.241228548935363], [-75.62242277739544, 6.242237869250159], [-75.62256141674905, 6.242194105531988], [-75.62259261744357, 6.242073181921902], [-75.62282773549697, 6.2424535363354146], [-75.62269972414693, 6.242609116658936], [-75.62223121292953, 6.242862289831498], [-75.62229379888218, 6.243076452210517], [-75.62245583734727, 6.243019988268801], [-75.62252245804326, 6.243429775977643], [-75.62267616594644, 6.243513400513364], [-75.62294581419765, 6.243483834352909], [-75.62240754996166, 6.244179193370058], [-75.62287083819271, 6.244619279792198], [-75.6230890828438, 6.2444858361840065], [-75.62314966611643, 6.244543513762645], [-75.62321604529167, 6.244500946241194], [-75.62331919627647, 6.244802004290687], [-75.6236300097196, 6.24465359597203], [-75.62369309288344, 6.244791625922956], [-75.62333626803155, 6.245139660088378], [-75.62308040247173, 6.245124178655241], [-75.62303396160287, 6.245228520218232], [-75.62305247266133, 6.245398425310011], [-75.6231753255675, 6.2453826895732], [-75.62313506572526, 6.245474637379658], [-75.62326682188873, 6.2458655168985056], [-75.62370751736799, 6.245873979979184], [-75.62417877614682, 6.246339535865079], [-75.6246527777278, 6.246290893622928], [-75.62486063121807, 6.246069622603836], [-75.62511394565861, 6.246126427273883], [-75.62551141033634, 6.24603754916218], [-75.62589343838171, 6.246368210813162], [-75.62624695863836, 6.246430715327511], [-75.6264244589011, 6.24640332654853], [-75.6265261753563, 6.246157657824536], [-75.62696078740416, 6.245922397241823], [-75.62711562845033, 6.245472689159695], [-75.62842094898411, 6.24542834183484], [-75.6286641862868, 6.245286662122852], [-75.62858827575293, 6.245941040362242], [-75.62868877415568, 6.246147130626216], [-75.62883670512153, 6.246116602706272], [-75.62917662662952, 6.246222787215078], [-75.62950921727519, 6.246409205419421], [-75.62986305870805, 6.246333527214447], [-75.6301167182437, 6.246476307942319], [-75.63049112891765, 6.246515314416226], [-75.63060467673806, 6.246996697408146], [-75.6307706879381, 6.247070129892845], [-75.63109089650759, 6.247574089528251], [-75.63138678709333, 6.247750339116543], [-75.63136140485169, 6.247982000085041], [-75.63114516792142, 6.24812893153478], [-75.63119375105582, 6.248340242872923], [-75.63162779579855, 6.248591396181429], [-75.6320051646856, 6.248600054391864], [-75.63240269994283, 6.248857654659615], [-75.6323727872859, 6.248968401983914], [-75.63206790143968, 6.249104044176522], [-75.63155874868647, 6.249537112806072], [-75.63199510326511, 6.250310737161742], [-75.63138212683793, 6.250176551465038], [-75.63126729046543, 6.250270595958701], [-75.63114607656141, 6.250230180753815], [-75.63123370569124, 6.250162646292698], [-75.63119866770727, 6.250119284568092], [-75.6310499289985, 6.250183352367971], [-75.63109858501821, 6.250009977229498], [-75.63099630130762, 6.249992594551069], [-75.63034379370484, 6.250180226012765], [-75.63008622580193, 6.250649941660341], [-75.62936495635796, 6.250657587602863], [-75.62932378432204, 6.2509617820206165], [-75.6293751147836, 6.250999510619464], [-75.62925232717346, 6.251096206477806], [-75.62861765658492, 6.251157509445753], [-75.62863394485154, 6.251499678642088], [-75.62871439811255, 6.251669290848709], [-75.62914369923921, 6.252039757702135], [-75.62931761386479, 6.252100364540545], [-75.62955230231405, 6.25200122088076], [-75.62969138414358, 6.252292515449464], [-75.62980844223215, 6.252236130704434], [-75.63002044744306, 6.252286720474503], [-75.63028977180358, 6.252110954051032], [-75.63098582161722, 6.2522287342882255], [-75.63127032424096, 6.252481077542693], [-75.63117689042934, 6.252576645931454], [-75.63130458507106, 6.2526417523437], [-75.63121160526605, 6.2526817873254155], [-75.63151455470977, 6.252755332064796], [-75.63128832492411, 6.252852706584072], [-75.6313176452135, 6.252929642462281], [-75.63141746439976, 6.252929761730347], [-75.631373825607, 6.253032736212929], [-75.63148884352476, 6.2531334658395865], [-75.63144571198576, 6.253168981356032], [-75.6315115775984, 6.253133978457935], [-75.6315837240871, 6.253210064211092], [-75.63164597795657, 6.253476120032139], [-75.6318218182081, 6.253509442765938], [-75.63163238381715, 6.253506086804082], [-75.63160271576558, 6.253326077721477], [-75.63148386299913, 6.2536952805445205], [-75.6318122637315, 6.253756864262123], [-75.63179688777792, 6.25388734835508], [-75.63166883990644, 6.253926681376763], [-75.63185218511059, 6.254083288456944], [-75.63208778424105, 6.254011268490701], [-75.6322429945448, 6.254264271176856], [-75.63234335526573, 6.254204503366216], [-75.63222845600497, 6.254319981819633], [-75.63207944755429, 6.25403028079787], [-75.63182896491456, 6.254202283443303], [-75.63190299650326, 6.254351717650711], [-75.63224051561023, 6.254533238550927], [-75.63253762558244, 6.254204719379177], [-75.63283211810932, 6.253570687074197], [-75.63336251591245, 6.253582188318911], [-75.63383926984432, 6.253820817526179], [-75.63539866705669, 6.253760768002692], [-75.63594913418389, 6.25348370689491], [-75.63625466310705, 6.253124124089044], [-75.63724257024019, 6.253475652296795], [-75.63757856493925, 6.252798310304338], [-75.63788141029045, 6.252444041048485], [-75.63796953375869, 6.252077133808352], [-75.63832861427372, 6.25189465775625], [-75.63873563812996, 6.251993939708825], [-75.63928242502364, 6.251814772102187], [-75.6394183797077, 6.251687006127211], [-75.63948059785214, 6.2513150382395155], [-75.63960704915615, 6.251180244991645], [-75.64012367437809, 6.250978194409302], [-75.64038526281712, 6.250599128126724], [-75.64083571908391, 6.250609746320524], [-75.64112741603213, 6.250330528244983], [-75.64163339229049, 6.250805851061265], [-75.64306500082331, 6.251380146044578], [-75.64313851440107, 6.251581842643482], [-75.64341746557122, 6.2515393362609855], [-75.64359260680541, 6.251723695440239], [-75.64365871190427, 6.252021275363956], [-75.6438732016704, 6.251943566992058], [-75.64435022598616, 6.252177589587938], [-75.64447207863317, 6.251946565764274], [-75.64459757977222, 6.25190274091434], [-75.64506024952829, 6.252117546443764], [-75.64514795751764, 6.252520063550956], [-75.64555415496334, 6.252746827410675], [-75.64582843968962, 6.252757473355566], [-75.646104796721, 6.252529406691595], [-75.64620407065583, 6.252615523367144], [-75.6461923272165, 6.252871133972095], [-75.64664258146529, 6.252809635915227], [-75.64675677299921, 6.253241022065684], [-75.64735500280524, 6.253147184314491], [-75.64771779691681, 6.253210141740638], [-75.64771442472782, 6.253678078822112], [-75.64802712642745, 6.25402540336177], [-75.64847129257365, 6.254796286921283], [-75.6485498409742, 6.255483850970987], [-75.64922385538291, 6.25639061798137], [-75.64944106300872, 6.256857800230696], [-75.64938116943847, 6.257203699657912], [-75.64947218405533, 6.25925634128103], [-75.64940802393596, 6.259713685525737], [-75.64958192467704, 6.26014261630788], [-75.65019800225184, 6.260713285596141], [-75.65090470398643, 6.260847897895366], [-75.65130904294566, 6.260766288974298], [-75.65186464037008, 6.260975367405173], [-75.65251079759436, 6.260659732406884], [-75.65405254772273, 6.260255326304209], [-75.65421501995539, 6.260078040263282], [-75.65452116852646, 6.2603438759454155], [-75.65571919869282, 6.260808089200962], [-75.65622560835172, 6.260882455844011], [-75.65703811361325, 6.260850399005702], [-75.65736685792724, 6.260683722510428], [-75.65777870217376, 6.260290127786355], [-75.65851924754381, 6.259410793179076], [-75.65890088922612, 6.259261835755177], [-75.65924095449257, 6.2589923459698955], [-75.65938072287663, 6.258733518857743], [-75.65987568962231, 6.258237106096541], [-75.66024222891167, 6.258088139759922], [-75.66051428166236, 6.257868290109817], [-75.66120579282985, 6.257655451025729], [-75.66157242757595, 6.257758202433301], [-75.6621430182533, 6.257775809513041], [-75.66275135943508, 6.257321918122049], [-75.66290623964797, 6.257041814924632], [-75.66304205959571, 6.255797433355162], [-75.6632988997665, 6.255063552260123], [-75.66381272155668, 6.254428871984486], [-75.66416404191943, 6.2537516743583685], [-75.66485780914466, 6.25285576585777], [-75.66472796986696, 6.252710943543634], [-75.66457308437636, 6.25226381599051], [-75.66457299476949, 6.251791818237888], [-75.66478272124537, 6.2514019537580285], [-75.6653631680083, 6.250983354996912], [-75.66558765941232, 6.250588026794529], [-75.66538427856848, 6.249037769339789], [-75.66508945322711, 6.248171149196402], [-75.66491801332334, 6.2470841104482036], [-75.66463516179199, 6.246389342297255], [-75.66466694008554, 6.245985878001372], [-75.66500126813334, 6.245163969239196], [-75.66511556566788, 6.244556352503336], [-75.6650145809385, 6.2442819929583395], [-75.66510319792386, 6.244089764353699], [-75.66503354429265, 6.243360568083087], [-75.66173990563874, 6.241615668126674], [-75.66066323235304, 6.24078308232515], [-75.66011615415415, 6.2400542353014865], [-75.6594085265499, 6.239643055476527], [-75.65917656994219, 6.239409550555424], [-75.65926101219823, 6.239033232667312], [-75.65975391920384, 6.238587263629817], [-75.66056714127379, 6.237561877789071], [-75.66072767489179, 6.237105747914871], [-75.6603541109073, 6.235725295719644], [-75.65993298516145, 6.235334433458492], [-75.65974623062402, 6.234784699533457], [-75.65978945677163, 6.233734024249218], [-75.65961567752021, 6.232903299511385], [-75.6592770394602, 6.232544986422552], [-75.65760563935866, 6.231360235154601], [-75.65740565857007, 6.229662114827176], [-75.65705945236223, 6.229126802503061], [-75.65698769476971, 6.228791939762736], [-75.65662580924894, 6.228089496245556], [-75.6562963747568, 6.2276641096438965], [-75.6562219757122, 6.226571644040927], [-75.65602370215173, 6.226186418700958], [-75.65553298265367, 6.2259945179134695], [-75.65527127355884, 6.22572914051207], [-75.6547307574308, 6.22547013801845], [-75.65403782918418, 6.224896042467283]]]}, "properties": {"OBJECTID": 10, "comuna": "70", "sector": 8, "nombre": "ALTAVISTA", "fecha_sincronizacion": 1774145701000, "Shape_Length": 37752.72984541097, "Shape_Area": 28622845.785181534}}, {"type": "Feature", "id": 11, "geometry": {"type": "Polygon", "coordinates": [[[-75.58152646412293, 6.195225703631337], [-75.5823717200889, 6.192804676461837], [-75.5830446106887, 6.189760334250825], [-75.58326010825306, 6.189124354481654], [-75.58288300980985, 6.188214196380727], [-75.58164044201192, 6.187835820653482], [-75.58049352772271, 6.186831865281336], [-75.58036705122905, 6.186588376939974], [-75.5801522773938, 6.185708699278433], [-75.57990553690645, 6.184210727415047], [-75.5795249762613, 6.183709020704835], [-75.5794009508706, 6.183623050450348], [-75.57918267463279, 6.183635328366346], [-75.57694420337019, 6.182257738637876], [-75.57615257592235, 6.182034207889604], [-75.57599229677295, 6.181802688488722], [-75.57579676129, 6.181788550906772], [-75.57578634862203, 6.18161524413102], [-75.5756769125495, 6.181591632787728], [-75.57560812536575, 6.181395834966788], [-75.57531546423547, 6.181219428259973], [-75.57518761836295, 6.180867727864059], [-75.57443570652693, 6.18063079035144], [-75.57419338837842, 6.1803466063072365], [-75.57364815708824, 6.18023907744123], [-75.57263725634209, 6.179446884763712], [-75.57160440234179, 6.179163034046433], [-75.57122777760063, 6.179395057930852], [-75.57047651680404, 6.1792274684416855], [-75.56998777675958, 6.179236931738827], [-75.56925213571786, 6.178819038739431], [-75.56881218330868, 6.178777957578668], [-75.56833847370291, 6.178251390424733], [-75.56835559431053, 6.178070137157135], [-75.56823350881201, 6.17801239662421], [-75.56807650857375, 6.178138968873959], [-75.56786514977962, 6.177684707721085], [-75.56713311219167, 6.177085131144966], [-75.56648474472163, 6.176820861436429], [-75.5664265496809, 6.176684979199167], [-75.566245976951, 6.176621095778976], [-75.56630709582437, 6.17644252125229], [-75.56616700838568, 6.1764625223827325], [-75.56614450947538, 6.176313108875381], [-75.56588872215606, 6.176288531267061], [-75.56579210587716, 6.176189234076882], [-75.56509327748559, 6.176487739738651], [-75.56472559723312, 6.176465584577396], [-75.5646796977215, 6.176434276488255], [-75.56480482560312, 6.1762553489034], [-75.56466257346644, 6.175995417322341], [-75.56436878028366, 6.1762463369318334], [-75.56405246401545, 6.176195274538636], [-75.5638852649071, 6.176127108933062], [-75.56374399257824, 6.175753471066235], [-75.56366730303598, 6.175718575543212], [-75.56341239209489, 6.175859602270782], [-75.56314943873205, 6.175884872635918], [-75.56284476828985, 6.1762452869889986], [-75.5626107243178, 6.176325282145352], [-75.56240269268342, 6.176077092512975], [-75.56223770096727, 6.176163007501129], [-75.56214603486104, 6.176317654955017], [-75.56130516046876, 6.176303922277313], [-75.56120761886163, 6.176171394573502], [-75.5607309690502, 6.176130232767734], [-75.5604137264528, 6.175942374950776], [-75.56023830585124, 6.175974736460631], [-75.55989033306278, 6.175831645319889], [-75.55991282916438, 6.176570076595175], [-75.5595600146924, 6.176827716834776], [-75.55915525923531, 6.176713893212961], [-75.5589131904061, 6.177365279449436], [-75.55793171261693, 6.176939066063244], [-75.55780231492598, 6.177239082727309], [-75.55755810384103, 6.177209329119407], [-75.55741042886699, 6.17787836063908], [-75.55694416920397, 6.179245657614179], [-75.55682847493539, 6.179424359394912], [-75.55635500479882, 6.179693697058532], [-75.55727367671363, 6.179700844513842], [-75.55751133806775, 6.179630807432587], [-75.55826247844516, 6.17972156419774], [-75.55860030137057, 6.179651358255017], [-75.55857942550257, 6.180708885363379], [-75.55928906531958, 6.180627919663149], [-75.55979492626213, 6.180375248929427], [-75.55981848324879, 6.180451482191824], [-75.55957669546459, 6.180554717977496], [-75.55948897102353, 6.180752124098903], [-75.55867665666115, 6.180973777140388], [-75.55857387231985, 6.181166794959091], [-75.55861296420014, 6.181750843991722], [-75.55851208861803, 6.181724404751512], [-75.55837574713607, 6.18183109428498], [-75.55835733085425, 6.181608206313651], [-75.55815696372053, 6.181653427757519], [-75.55727956290163, 6.18096266219531], [-75.5571600201087, 6.180958954778648], [-75.5571402513701, 6.181133000043247], [-75.55687012371799, 6.181139622441492], [-75.55654308522621, 6.181278974056178], [-75.55634386723895, 6.181189617250857], [-75.55582358797155, 6.1813005392516995], [-75.55548237262879, 6.181231149610601], [-75.55544414376381, 6.181786134566841], [-75.55563082507872, 6.182363804679186], [-75.55539866710183, 6.182992455855625], [-75.55544872993138, 6.183229344985581], [-75.55585839086709, 6.183489017679681], [-75.55691214378436, 6.183685162039327], [-75.55676985537859, 6.184639290556931], [-75.55679233013473, 6.185635741573353], [-75.55642745081887, 6.185362302384187], [-75.55592457778727, 6.185443147810754], [-75.5555464966944, 6.186169421705269], [-75.55547299197677, 6.18602575099812], [-75.5553662136935, 6.186495618294906], [-75.55514900680132, 6.18642782351916], [-75.55484318727062, 6.187354793441522], [-75.55389256231757, 6.187025331364507], [-75.55345367516358, 6.187025715826816], [-75.55319068604832, 6.187275426908576], [-75.55298693281321, 6.187713697019994], [-75.55289590007423, 6.188378227823227], [-75.55354854800547, 6.188440525348734], [-75.55386761649511, 6.188846439035757], [-75.55403124139876, 6.190209344077345], [-75.55438877841517, 6.191187923471994], [-75.55483549397371, 6.191690681446897], [-75.55545049283126, 6.191861313125208], [-75.55491607532637, 6.193514474374422], [-75.5546130368288, 6.193645478750841], [-75.55435556153908, 6.193359244854777], [-75.55392878801344, 6.1932832843011765], [-75.55376664974094, 6.193737070935603], [-75.55413233140486, 6.193995575874837], [-75.55409213448618, 6.194074210438673], [-75.55370056899538, 6.193796230067723], [-75.55352699980493, 6.194286643733974], [-75.5537191003607, 6.194377891972872], [-75.55357165529708, 6.1947239526784355], [-75.5534424742075, 6.194693919374319], [-75.55330213961581, 6.194881796328351], [-75.55319278060914, 6.195404466743535], [-75.55260118889427, 6.196681142173397], [-75.55158029958176, 6.196230219534407], [-75.55125262380677, 6.195893210994294], [-75.55074554052366, 6.195662654980647], [-75.55151175060838, 6.196849027258832], [-75.55161724991981, 6.197939215820858], [-75.55150054610091, 6.197930125512597], [-75.5519109704866, 6.198674705921141], [-75.5519976368221, 6.199491294808838], [-75.55155127654446, 6.1995358246555705], [-75.55122673167233, 6.199341409162932], [-75.55093938030718, 6.199321969426624], [-75.5508172162652, 6.200814516705248], [-75.55093700879078, 6.2008803762057765], [-75.55111076217999, 6.200791671161542], [-75.55081338816292, 6.201727872787515], [-75.5506403483283, 6.201990205269875], [-75.55056450709401, 6.202404280388797], [-75.55080331686113, 6.2026665133111845], [-75.55073639695375, 6.20363893205898], [-75.54953197533793, 6.205270478817537], [-75.54865401241545, 6.204591749814306], [-75.5481731017207, 6.206623506985146], [-75.54767889268112, 6.2064156723395865], [-75.54760049777016, 6.207363707594163], [-75.54712533183212, 6.207452615033303], [-75.54718921896162, 6.208138746174845], [-75.54726375735895, 6.2082361946239955], [-75.5475059596658, 6.208225804733242], [-75.5475279130153, 6.208315465185726], [-75.54789339762952, 6.208298353415763], [-75.54769798004722, 6.208442511496001], [-75.54768873695477, 6.208663240580155], [-75.54745058882003, 6.20863524981182], [-75.54748577802027, 6.208973996064165], [-75.54774322783186, 6.209199773140615], [-75.54756631560315, 6.209355553097979], [-75.5473214271764, 6.20935171826694], [-75.54761137601075, 6.209465877726108], [-75.54770309053318, 6.209584521451573], [-75.54746839419091, 6.209737870142854], [-75.54700327058012, 6.20979203119963], [-75.54638433713603, 6.210155503760427], [-75.54616983369488, 6.210097094902934], [-75.54598242653493, 6.21020159618145], [-75.54588966829475, 6.2101714105722925], [-75.54649135740297, 6.210403783809048], [-75.54675165003023, 6.210259577373063], [-75.54703940133919, 6.210280535828878], [-75.54721827271035, 6.210148069705561], [-75.5472728152687, 6.210170787640717], [-75.54714297721026, 6.210289863767616], [-75.54733050873281, 6.21023158859902], [-75.54739701633271, 6.210422816195929], [-75.54733740650482, 6.211305314680105], [-75.54740524778913, 6.211556064061647], [-75.54766248760122, 6.211608639050864], [-75.5475523295537, 6.212090860328096], [-75.54715067604958, 6.212452402578931], [-75.54713482426783, 6.212973882581013], [-75.54694006088673, 6.21336721381712], [-75.5469128549333, 6.212847945586525], [-75.54683840369938, 6.212775389730285], [-75.54689034009368, 6.212888616867121], [-75.54679090226753, 6.213460553811241], [-75.54702922517428, 6.214358450658175], [-75.54718715184467, 6.214515394057527], [-75.54733582621951, 6.214524344247595], [-75.54790291441827, 6.2141691363603755], [-75.54887331818419, 6.213775404281375], [-75.55038314002, 6.213684819334103], [-75.55139605369025, 6.213789504327568], [-75.55148572431051, 6.2139915033275495], [-75.55132331884028, 6.2145663524043995], [-75.55139861300721, 6.21487416851536], [-75.55396489493108, 6.217294569614509], [-75.55455112400679, 6.217612125810059], [-75.5548987095262, 6.218102570511978], [-75.55549768183748, 6.218572899167763], [-75.55601535864585, 6.2184068404863035], [-75.55637404136044, 6.218046374385125], [-75.55643776551226, 6.217708996166986], [-75.55660193382859, 6.217531558356102], [-75.55666220939612, 6.217597237116567], [-75.55674805081958, 6.217518880001607], [-75.55677125853829, 6.217313117192821], [-75.55725316212934, 6.216988023418622], [-75.55753733157135, 6.216517814683583], [-75.55772934432186, 6.216461971953275], [-75.55791386089649, 6.216292799393633], [-75.55739507679739, 6.215166636472768], [-75.55752385147196, 6.214717525049469], [-75.55774493318091, 6.21457847133171], [-75.55826541509796, 6.214580178936232], [-75.56329794171445, 6.215723341808374], [-75.56398078755558, 6.216352959728439], [-75.56434280790161, 6.216813276416679], [-75.56440841296566, 6.217625025126503], [-75.56452747313543, 6.21791689233274], [-75.56487252313337, 6.218108421404432], [-75.56562337330548, 6.218106148368025], [-75.56592464528205, 6.218291728670077], [-75.56602908149425, 6.218492287501904], [-75.56603394157878, 6.219100809193019], [-75.56636100096233, 6.220176326650866], [-75.56618614440315, 6.2205158801153315], [-75.56558142498368, 6.220976219340961], [-75.56545271062173, 6.221267913674847], [-75.56507554877423, 6.2236066835481605], [-75.56507430880342, 6.22391653117968], [-75.56525218297745, 6.224656875481279], [-75.5657739176192, 6.224509328410696], [-75.56660740826106, 6.224674607465576], [-75.56673558864367, 6.224844709511133], [-75.56677459898181, 6.225343866296601], [-75.56684302448748, 6.225428271441419], [-75.56830088826273, 6.225732269969745], [-75.56852304211316, 6.226494150646374], [-75.56916647211753, 6.226489257146712], [-75.56940566252447, 6.227563406825342], [-75.57369449096342, 6.23069140477497], [-75.5739937990329, 6.230850329741531], [-75.57561886467663, 6.231343743543411], [-75.57988694061214, 6.200773817006801], [-75.58011491594075, 6.1994305003520624], [-75.5803723141024, 6.198444173446032], [-75.58152646412293, 6.195225703631337]]]}, "properties": {"OBJECTID": 11, "comuna": "14", "sector": 5, "nombre": "EL POBLADO", "fecha_sincronizacion": 1774145701000, "Shape_Length": 22136.81601405432, "Shape_Area": 14493997.077955682}}, {"type": "Feature", "id": 12, "geometry": {"type": "Polygon", "coordinates": [[[-75.61594273343609, 6.2445630634402605], [-75.61609480621624, 6.24453080610819], [-75.61626991200859, 6.240233341988215], [-75.61578111263977, 6.2400558716130545], [-75.61518176475407, 6.240110504874611], [-75.61496235288267, 6.240223777894531], [-75.61400704240954, 6.240375761811791], [-75.61379807025331, 6.2403655521445], [-75.61350739405007, 6.240127165315683], [-75.6130188374623, 6.240541937645383], [-75.61245841401954, 6.241352101712351], [-75.612015716428, 6.241659662265011], [-75.61181498299116, 6.241703993857243], [-75.61186002415192, 6.242538673397868], [-75.6095055593769, 6.242109140478069], [-75.60780905579176, 6.241925537219305], [-75.6074457317456, 6.243370286096439], [-75.60677114178452, 6.244173782135792], [-75.60287664745186, 6.243262388660751], [-75.60275238279496, 6.243348839287121], [-75.60228263958388, 6.250378364734882], [-75.60213875247003, 6.2504303252329505], [-75.6020731602103, 6.250569313350432], [-75.60083081330002, 6.250478023550221], [-75.60003678468493, 6.250159733848732], [-75.59944653079272, 6.250074991336049], [-75.59686276774504, 6.250119553353733], [-75.59642091795806, 6.255075452288311], [-75.59720024574949, 6.254922691604161], [-75.59891458405379, 6.254350408443162], [-75.59848974923197, 6.255331706303182], [-75.59671381857314, 6.263298984793918], [-75.59653800919696, 6.263340394719712], [-75.59644150182874, 6.263491545192321], [-75.596470385276, 6.263656719048272], [-75.59659992195257, 6.26376222753511], [-75.59534032636273, 6.269430535306213], [-75.59531618027931, 6.269553236349364], [-75.59539335542898, 6.269568641896626], [-75.59517205931333, 6.270619661543392], [-75.59500167173286, 6.271018956836122], [-75.5953380193216, 6.271734553004677], [-75.59529329216849, 6.271814460516676], [-75.5953305940226, 6.271888755919061], [-75.59538790800181, 6.271839371721626], [-75.5954971709147, 6.272061893966003], [-75.5961706610313, 6.271933118671324], [-75.59615411869416, 6.2717646291571425], [-75.59687374987594, 6.27177092695394], [-75.59718643256942, 6.27162767872987], [-75.5975204056906, 6.271920537417714], [-75.59785464709574, 6.271823373618717], [-75.597972527864, 6.271722059142367], [-75.59799742318697, 6.270504962957827], [-75.59809867073173, 6.270543815053329], [-75.59819835031028, 6.2702267069313855], [-75.59851030736124, 6.270341075160564], [-75.59868735724011, 6.269704383122976], [-75.59897125013593, 6.26910064622663], [-75.5992508066939, 6.2699965049165804], [-75.5994329059995, 6.270284781819465], [-75.59963165277337, 6.270358553190707], [-75.59990815420953, 6.270279364174369], [-75.60012000986774, 6.27047600655731], [-75.60065554919183, 6.270756535299656], [-75.60099132951228, 6.270827646681073], [-75.60131004895602, 6.27117907760383], [-75.60144317201873, 6.271150185144835], [-75.60234085511209, 6.269333729926761], [-75.6025270431894, 6.269135993220218], [-75.60346569028322, 6.268530665371499], [-75.60445573919196, 6.268412557568197], [-75.604589495227, 6.268582579639387], [-75.60467259850805, 6.269052593907672], [-75.60483589432751, 6.269217868182838], [-75.60502819334884, 6.26927800987575], [-75.60532280878365, 6.269202041901437], [-75.60572891052175, 6.268713583707197], [-75.60594726929129, 6.268680546380198], [-75.6059964471591, 6.268535230957916], [-75.60500146691841, 6.26674469984103], [-75.6053759111699, 6.2663984457910855], [-75.60515398804888, 6.266199574719702], [-75.60531997625085, 6.265902362630809], [-75.60496253314209, 6.2656831606473595], [-75.6048845913162, 6.265391615859803], [-75.60466153759747, 6.265164493341858], [-75.60451867694233, 6.265129472497516], [-75.60454182101891, 6.265027766666075], [-75.6047066965757, 6.264973513693034], [-75.60483824636641, 6.264776877577676], [-75.60472700092889, 6.264640151334609], [-75.6047659550338, 6.264549745562546], [-75.6049938801037, 6.264346046409093], [-75.60511063095565, 6.264427345874876], [-75.60489288690918, 6.262574861912807], [-75.60454320098012, 6.262450709826235], [-75.60221588083346, 6.262600952040143], [-75.60149551406005, 6.263621415557319], [-75.60096401566038, 6.263282493558531], [-75.60092690138038, 6.262563309773731], [-75.60049521902934, 6.25944197850223], [-75.6008651202984, 6.259531903001479], [-75.60179052443884, 6.260285177550851], [-75.60217788332344, 6.2604433581728935], [-75.6035431659372, 6.259868079014917], [-75.60461992968834, 6.259575325553173], [-75.60684514067712, 6.258642886745565], [-75.61018861901297, 6.258170066927697], [-75.6105823129581, 6.258146352744116], [-75.6111699716429, 6.2582757436639085], [-75.61262020902143, 6.255960380466088], [-75.61328179231815, 6.256343020820362], [-75.61378683184185, 6.255900995228967], [-75.61376645447744, 6.255819246662233], [-75.61329572710328, 6.255556836391112], [-75.61467522142956, 6.254682953406551], [-75.61573311869144, 6.253861077011685], [-75.61620189380362, 6.253733692898873], [-75.61698684350519, 6.253689956146053], [-75.617579163125, 6.25348615112036], [-75.61819870796295, 6.252751143189714], [-75.61840232045404, 6.25225560642555], [-75.61840661424253, 6.252000687027229], [-75.61817355780802, 6.251806280971847], [-75.61797072811976, 6.251784701964525], [-75.61754892211928, 6.252107055114962], [-75.61683949707681, 6.252895570164078], [-75.6164247053805, 6.253019353247909], [-75.6160508249396, 6.252960669577968], [-75.6158364033867, 6.25282211990443], [-75.61510782427509, 6.251975505607716], [-75.61423533015967, 6.251419916183405], [-75.6141569780161, 6.251151453881604], [-75.61416869314058, 6.250814499394526], [-75.61429254904367, 6.250565560539997], [-75.61594827042354, 6.249098470267119], [-75.61621651304775, 6.248604140242413], [-75.61624734584652, 6.248084065319628], [-75.6155842049465, 6.247225388830642], [-75.61621313079706, 6.246575593799999], [-75.61692431982821, 6.245620755091971], [-75.61630743816868, 6.245381912571401], [-75.61594273343609, 6.2445630634402605]]]}, "properties": {"OBJECTID": 12, "comuna": "12", "sector": 4, "nombre": "LA AMERICA", "fecha_sincronizacion": 1774145701000, "Shape_Length": 14443.478962020989, "Shape_Area": 4143035.3926812145}}, {"type": "Feature", "id": 13, "geometry": {"type": "MultiPolygon", "coordinates": [[[[-75.61388192009824, 6.270942272346328], [-75.61418547537984, 6.271058924472912], [-75.6152448713623, 6.271158969238325], [-75.61570849190927, 6.271027644285522], [-75.61607481192912, 6.27080096573085], [-75.61647216664242, 6.270771253750698], [-75.61701273422682, 6.270570990701416], [-75.6166716521318, 6.270309238472299], [-75.61628696287856, 6.269560711936762], [-75.61665340733904, 6.2692056060211945], [-75.61676384861578, 6.268841099794495], [-75.61656104962202, 6.268385386008401], [-75.61653376312552, 6.267784810961978], [-75.6159621473586, 6.267086916983122], [-75.61558432683482, 6.2663162580937755], [-75.61555992166598, 6.266075560309962], [-75.61538422241262, 6.265978851872123], [-75.61497286147817, 6.265475694870864], [-75.61494181508277, 6.26510471081217], [-75.61469123220257, 6.264952396962467], [-75.6147196856898, 6.264026856264917], [-75.61444651218343, 6.263395664021464], [-75.61448333311883, 6.263090592697826], [-75.61433208117445, 6.262921085083991], [-75.61421821261007, 6.262559248523877], [-75.61442739216177, 6.262010535642202], [-75.61440416355961, 6.261840373578195], [-75.61491294633913, 6.261245345227596], [-75.61483389145299, 6.260627356289636], [-75.6148828157744, 6.260489535423034], [-75.61524951878891, 6.2601712554572], [-75.61543453015213, 6.260191328280701], [-75.61552536298021, 6.260107335957888], [-75.61565107272335, 6.260155921782565], [-75.61669555118091, 6.261584441862276], [-75.61685546745566, 6.26160690288763], [-75.61692059265268, 6.2617424859525315], [-75.61731206665013, 6.261775451271354], [-75.61722008130599, 6.262009411124477], [-75.61735128276894, 6.262094605819661], [-75.61731583714841, 6.262605724394852], [-75.61745487436387, 6.262707189091858], [-75.61773293267059, 6.26260160973811], [-75.61788598725329, 6.262744585536535], [-75.61789564815565, 6.2629140760656625], [-75.61805288743334, 6.262962383328283], [-75.61813239630922, 6.263190005897352], [-75.61837843367186, 6.262985277159538], [-75.61850271971308, 6.262982277203063], [-75.61897425128615, 6.263239119476071], [-75.61895505321587, 6.263433813486702], [-75.61906861822465, 6.263724890419188], [-75.61917868315427, 6.263782991378501], [-75.61932011995941, 6.263676952483884], [-75.61937541688746, 6.26372660098723], [-75.61951252516079, 6.2639380583197], [-75.61954191238162, 6.2642267438510055], [-75.6195813422667, 6.264154619284988], [-75.62021964470203, 6.264089695055074], [-75.62002972740204, 6.263786415679935], [-75.6200049103769, 6.263037155262199], [-75.62011378846313, 6.262912630082156], [-75.6207200315321, 6.262889191303796], [-75.62069740919955, 6.263032859262648], [-75.62084582261595, 6.263219870016706], [-75.62084892749183, 6.263406262521375], [-75.62099384455625, 6.263197724098083], [-75.62133006622818, 6.263177286431983], [-75.62152299235898, 6.2630353619550005], [-75.62265663809697, 6.262041375599182], [-75.62257533123828, 6.261840234133731], [-75.62269875601154, 6.26173707748594], [-75.62275506105874, 6.26180607905021], [-75.62267403999397, 6.261877135927719], [-75.62285024256231, 6.262062424931227], [-75.6229288273405, 6.261990176007166], [-75.62306350203687, 6.262093639621106], [-75.62333367068406, 6.262424045418161], [-75.62419261319766, 6.262804784078858], [-75.62424317809827, 6.262784136566309], [-75.62386338461083, 6.262164068092232], [-75.62341587888945, 6.261760050115605], [-75.62318892215026, 6.261194023494279], [-75.6233849171592, 6.260882255257719], [-75.62330068933744, 6.2607559796455785], [-75.62338007515488, 6.26059722150315], [-75.62331681597705, 6.260407103460762], [-75.62336162844063, 6.260099663091279], [-75.62313172669326, 6.259760332302931], [-75.62277032074715, 6.259513549279629], [-75.62234792899831, 6.2586575527930215], [-75.62256055031597, 6.258581990029906], [-75.62253551484531, 6.258513241579001], [-75.62341797696018, 6.258223837690761], [-75.62326940585443, 6.258089457696726], [-75.62326633784772, 6.25790629642108], [-75.62314269704204, 6.257768876174895], [-75.62403099389775, 6.257320443330995], [-75.62444057982772, 6.257526601872894], [-75.62458485184199, 6.257718620052263], [-75.62481012299968, 6.257846182810559], [-75.62504832480818, 6.25843036636057], [-75.62570921476677, 6.258877629124042], [-75.62588051086813, 6.258877611062355], [-75.62614854469187, 6.259020637002858], [-75.62615245223176, 6.259366671155963], [-75.62668632285985, 6.2600720737353965], [-75.6268809260097, 6.260553135862914], [-75.62726995686995, 6.2609798481198915], [-75.62729076130096, 6.261499116461602], [-75.62771749780758, 6.261545366640268], [-75.62775717384062, 6.262013595190993], [-75.62807992556607, 6.262290690585064], [-75.62799222672908, 6.262416196247365], [-75.62801743427666, 6.262782018544836], [-75.62821591185717, 6.262990673201121], [-75.62838703518845, 6.263354506616749], [-75.62838321534247, 6.263483386294958], [-75.62810291931524, 6.263821048734397], [-75.62825661769217, 6.263931765880235], [-75.6282027044335, 6.264185910450611], [-75.6288512608083, 6.263942610013003], [-75.62894148780197, 6.263674447905566], [-75.62931433536001, 6.263440521071888], [-75.62888497424476, 6.2632472369974534], [-75.6287370139814, 6.263017761524432], [-75.62886130442892, 6.262537732016675], [-75.62866241766837, 6.261933548968299], [-75.62797666727705, 6.261365041189982], [-75.62782786699981, 6.2610214067187675], [-75.62857954650589, 6.2609032418781645], [-75.62864494042307, 6.260762914028966], [-75.62815649946587, 6.260281024302805], [-75.62862133932235, 6.259910929332375], [-75.62820641430794, 6.259091916969908], [-75.62803989657131, 6.258315385302124], [-75.62825256653147, 6.258355073184091], [-75.62835343562423, 6.258716433928635], [-75.62879606357535, 6.259251864403354], [-75.62870001408047, 6.25932905955696], [-75.62940451249558, 6.260184073085529], [-75.62951489808218, 6.259880519763474], [-75.62963732004951, 6.259768449711577], [-75.62991934948018, 6.259679226079501], [-75.63011549990809, 6.259906024372082], [-75.63115122917134, 6.259206510648338], [-75.63082217116096, 6.258766608766286], [-75.63092154779852, 6.2588415995300855], [-75.6311777027984, 6.25880606281987], [-75.63160918936656, 6.258453273637637], [-75.6314355010012, 6.25827557064219], [-75.63114411415201, 6.25832368570947], [-75.63092766129134, 6.257956155080698], [-75.6307693997075, 6.257841264488231], [-75.63093019002625, 6.257704365022846], [-75.63088601863949, 6.257549157941255], [-75.63098526533142, 6.257416848514533], [-75.63094789453325, 6.2573580864549285], [-75.63068858841257, 6.257248745843969], [-75.63037238028197, 6.257334738628434], [-75.63016723614443, 6.257609826122974], [-75.62982568043154, 6.257352012978345], [-75.63004529501602, 6.257204709984725], [-75.62991440058067, 6.2568238878870295], [-75.62963050547498, 6.256554500265513], [-75.62926894018649, 6.256250781313029], [-75.62877313400115, 6.256337064818008], [-75.62885846298008, 6.256198116394711], [-75.62930596740469, 6.256141720333828], [-75.62903903104787, 6.255515187424698], [-75.6286260636724, 6.255220010537301], [-75.62877431442597, 6.254855938091985], [-75.62904812774458, 6.25464328561193], [-75.62969093787476, 6.2549722628148485], [-75.6296774848905, 6.255093351607251], [-75.63005120115179, 6.2552698443563415], [-75.6302480126565, 6.2554831687477845], [-75.63067357025972, 6.255460544902204], [-75.63109701496587, 6.255275694474134], [-75.63148498230808, 6.255335008718764], [-75.63169526801603, 6.255114889694419], [-75.6316856725068, 6.255000076727198], [-75.63224051561023, 6.254533238550927], [-75.63190299650326, 6.254351717650711], [-75.63182896491456, 6.254202283443303], [-75.63207944755429, 6.25403028079787], [-75.63222845600497, 6.254319981819633], [-75.63234335526573, 6.254204503366216], [-75.6322429945448, 6.254264271176856], [-75.63208778424105, 6.254011268490701], [-75.63185218511059, 6.254083288456944], [-75.63166883990644, 6.253926681376763], [-75.63179688777792, 6.25388734835508], [-75.6318122637315, 6.253756864262123], [-75.63148386299913, 6.2536952805445205], [-75.63160271576558, 6.253326077721477], [-75.63163238381715, 6.253506086804082], [-75.6318218182081, 6.253509442765938], [-75.63164597795657, 6.253476120032139], [-75.6315837240871, 6.253210064211092], [-75.6315115775984, 6.253133978457935], [-75.63144571198576, 6.253168981356032], [-75.63148884352476, 6.2531334658395865], [-75.631373825607, 6.253032736212929], [-75.63141746439976, 6.252929761730347], [-75.6313176452135, 6.252929642462281], [-75.63128832492411, 6.252852706584072], [-75.63151455470977, 6.252755332064796], [-75.63121160526605, 6.2526817873254155], [-75.63130458507106, 6.2526417523437], [-75.63117689042934, 6.252576645931454], [-75.63128390163659, 6.252467807727074], [-75.63102108021998, 6.2522365043013375], [-75.63087467762148, 6.252159548968144], [-75.63066535353853, 6.252193072355472], [-75.63028977180358, 6.252110954051032], [-75.63002044744306, 6.252286720474503], [-75.62980844223215, 6.252236130704434], [-75.62969138414358, 6.252292515449464], [-75.62955230231405, 6.25200122088076], [-75.62924508409257, 6.252086335951405], [-75.62871439811255, 6.251669290848709], [-75.62861395286306, 6.251183266273714], [-75.62925232717346, 6.251096206477806], [-75.6293751147836, 6.250999510619464], [-75.62932378432204, 6.2509617820206165], [-75.62936495635796, 6.250657587602863], [-75.63008622580193, 6.250649941660341], [-75.63034379370484, 6.250180226012765], [-75.63088930169909, 6.2499878713400765], [-75.63109858501821, 6.250009977229498], [-75.63104414242557, 6.250176474409372], [-75.63119866770727, 6.250119284568092], [-75.63123370569124, 6.250162646292698], [-75.63114607656141, 6.250230180753815], [-75.63126729046543, 6.250270595958701], [-75.63138212683793, 6.250176551465038], [-75.63199510326511, 6.250310737161742], [-75.63155874868647, 6.249537112806072], [-75.63206790143968, 6.249104044176522], [-75.6323727872859, 6.248968401983914], [-75.63240269994283, 6.248857654659615], [-75.6320051646856, 6.248600054391864], [-75.63162779579855, 6.248591396181429], [-75.63119375105582, 6.248340242872923], [-75.63114516792142, 6.24812893153478], [-75.63136140485169, 6.247982000085041], [-75.63138678709333, 6.247750339116543], [-75.63109089650759, 6.247574089528251], [-75.6307706879381, 6.247070129892845], [-75.63060467673806, 6.246996697408146], [-75.63049112891765, 6.246515314416226], [-75.6301167182437, 6.246476307942319], [-75.62986305870805, 6.246333527214447], [-75.62950921727519, 6.246409205419421], [-75.62917662662952, 6.246222787215078], [-75.62883670512153, 6.246116602706272], [-75.62868877415568, 6.246147130626216], [-75.62858827575293, 6.245941040362242], [-75.6286641862868, 6.245286662122852], [-75.62842094898411, 6.24542834183484], [-75.62711562845033, 6.245472689159695], [-75.62696078740416, 6.245922397241823], [-75.6265261753563, 6.246157657824536], [-75.6264244589011, 6.24640332654853], [-75.62624695863836, 6.246430715327511], [-75.62589343838171, 6.246368210813162], [-75.62551141033634, 6.24603754916218], [-75.62511394565861, 6.246126427273883], [-75.62486063121807, 6.246069622603836], [-75.6246527777278, 6.246290893622928], [-75.62417877614682, 6.246339535865079], [-75.62370751736799, 6.245873979979184], [-75.62326682188873, 6.2458655168985056], [-75.62313506572526, 6.245474637379658], [-75.6231753255675, 6.2453826895732], [-75.62305247266133, 6.245398425310011], [-75.62303396160287, 6.245228520218232], [-75.62308040247173, 6.245124178655241], [-75.62333626803155, 6.245139660088378], [-75.62369309288344, 6.244791625922956], [-75.6236300097196, 6.24465359597203], [-75.62331919627647, 6.244802004290687], [-75.62321604529167, 6.244500946241194], [-75.62314966611643, 6.244543513762645], [-75.6230890828438, 6.2444858361840065], [-75.62287083819271, 6.244619279792198], [-75.62240754996166, 6.244179193370058], [-75.62294581419765, 6.243483834352909], [-75.62267616594644, 6.243513400513364], [-75.62252245804326, 6.243429775977643], [-75.62245583734727, 6.243019988268801], [-75.62229379888218, 6.243076452210517], [-75.62223121292953, 6.242862289831498], [-75.62269972414693, 6.242609116658936], [-75.62282773549697, 6.2424535363354146], [-75.62259261744357, 6.242073181921902], [-75.62256141674905, 6.242194105531988], [-75.62242277739544, 6.242237869250159], [-75.62211367244596, 6.241228548935363], [-75.62167167597588, 6.240936979098161], [-75.62158379925955, 6.240758569397842], [-75.62140661875482, 6.24075689340915], [-75.62122916301966, 6.240583073922215], [-75.6209850479646, 6.240698845175279], [-75.62089751354492, 6.2405559728735716], [-75.61935489753266, 6.240542360523362], [-75.61803117213266, 6.240067716446644], [-75.617283848696, 6.239986343742978], [-75.61697844931716, 6.239992093126924], [-75.61626991200859, 6.240233341988215], [-75.61609480621624, 6.24453080610819], [-75.61594273343609, 6.2445630634402605], [-75.61630743816868, 6.245381912571401], [-75.61692431982821, 6.245620755091971], [-75.61621313079706, 6.246575593799999], [-75.6155842049465, 6.247225388830642], [-75.61624734584652, 6.248084065319628], [-75.61616074213414, 6.248767855359443], [-75.61594827042354, 6.249098470267119], [-75.61429254904367, 6.250565560539997], [-75.61418435228832, 6.250757688105302], [-75.61414522588325, 6.251082888756756], [-75.61423533015967, 6.251419916183405], [-75.61510782427509, 6.251975505607716], [-75.6158364033867, 6.25282211990443], [-75.61620844957335, 6.253001021071213], [-75.61662996807043, 6.252986310015599], [-75.61689491981288, 6.252856980998428], [-75.61783263622914, 6.25184088196754], [-75.61805704110547, 6.251780371785044], [-75.61826850413676, 6.251866759376565], [-75.61840661424253, 6.252000687027229], [-75.61840232045404, 6.25225560642555], [-75.61819870796295, 6.252751143189714], [-75.61770998012211, 6.253384263746879], [-75.61713583072653, 6.253657198423027], [-75.61620189380362, 6.253733692898873], [-75.6156386439573, 6.253915661751336], [-75.61547717321115, 6.254112982976281], [-75.61467522142956, 6.254682953406551], [-75.61329572710328, 6.255556836391112], [-75.61376645447744, 6.255819246662233], [-75.61378683184185, 6.255900995228967], [-75.61328179231815, 6.256343020820362], [-75.61262020902143, 6.255960380466088], [-75.6111699716429, 6.2582757436639085], [-75.6105823129581, 6.258146352744116], [-75.61018861901297, 6.258170066927697], [-75.60684514067712, 6.258642886745565], [-75.60461992968834, 6.259575325553173], [-75.6035431659372, 6.259868079014917], [-75.60217788332344, 6.2604433581728935], [-75.60179052443884, 6.260285177550851], [-75.6008651202984, 6.259531903001479], [-75.60049521902934, 6.25944197850223], [-75.60092690138038, 6.262563309773731], [-75.60096401566038, 6.263282493558531], [-75.60149551406005, 6.263621415557319], [-75.60221588083346, 6.262600952040143], [-75.60454320098012, 6.262450709826235], [-75.60489288690918, 6.262574861912807], [-75.60511063095565, 6.264427345874876], [-75.6049938801037, 6.264346046409093], [-75.6047659550338, 6.264549745562546], [-75.60472700092889, 6.264640151334609], [-75.60483824636641, 6.264776877577676], [-75.6047066965757, 6.264973513693034], [-75.60454182101891, 6.265027766666075], [-75.60451867694233, 6.265129472497516], [-75.60466153759747, 6.265164493341858], [-75.6048845913162, 6.265391615859803], [-75.60496253314209, 6.2656831606473595], [-75.60531997625085, 6.265902362630809], [-75.60515398804888, 6.266199574719702], [-75.6053759111699, 6.2663984457910855], [-75.60500146691841, 6.26674469984103], [-75.60582534006464, 6.268227177091453], [-75.60654497130358, 6.268340484909667], [-75.60684985603697, 6.266868289895774], [-75.60756358968783, 6.267000506799365], [-75.6079549579424, 6.265097320072821], [-75.60911737720473, 6.264831956847634], [-75.61022654579966, 6.265060652853574], [-75.61107649356838, 6.265765884394056], [-75.61143697213346, 6.266674197854006], [-75.61182847718531, 6.267074386438556], [-75.61198926533562, 6.267360544203658], [-75.61229382485412, 6.2675541823944645], [-75.61323656661007, 6.268499706218472], [-75.61361523830949, 6.269252763039896], [-75.61378041640126, 6.270235558090254], [-75.6137329137873, 6.270939760328014], [-75.61388192009824, 6.270942272346328]]], [[[-75.60631679712935, 6.276513354021806], [-75.60667197201572, 6.276492987699817], [-75.60713385716461, 6.2763347477515685], [-75.60745766954572, 6.276462037964349], [-75.60762905371797, 6.276043555330238], [-75.60725935334175, 6.275643557582816], [-75.60721637137443, 6.275398392319532], [-75.60735503062125, 6.27518632422706], [-75.60729927146376, 6.274958047244645], [-75.60771732138923, 6.274616272885502], [-75.6073751192854, 6.274390451403101], [-75.60712572539158, 6.274642041469914], [-75.60657280291021, 6.274141706951531], [-75.60639563460666, 6.274348520479814], [-75.60620649955983, 6.274176284707567], [-75.60639059932086, 6.273920175132714], [-75.60592799900999, 6.27350275269879], [-75.60594213464852, 6.273393050865583], [-75.6051756940712, 6.273242517929174], [-75.60517674235216, 6.272900885195536], [-75.60547211792392, 6.272367128021119], [-75.60538299740446, 6.272106742074627], [-75.60459175135243, 6.2722112242000385], [-75.60416973617318, 6.272458794022693], [-75.60339603175282, 6.272274821636966], [-75.60264470861362, 6.272469815868781], [-75.60244151290915, 6.272441165873257], [-75.60237343301007, 6.27240282091244], [-75.60298856770702, 6.271935650960744], [-75.60302384401918, 6.271748033529506], [-75.60257700276806, 6.271247366325027], [-75.60198393235898, 6.27117877283872], [-75.60203433649855, 6.270718550657577], [-75.60188517207449, 6.270351820329939], [-75.60183056829283, 6.270304767154619], [-75.60144317201873, 6.271150185144835], [-75.60131004895602, 6.27117907760383], [-75.60099132951228, 6.270827646681073], [-75.60065554919183, 6.270756535299656], [-75.60012000986774, 6.27047600655731], [-75.59990815420953, 6.270279364174369], [-75.59963165277337, 6.270358553190707], [-75.5994329059995, 6.270284781819465], [-75.5992508066939, 6.2699965049165804], [-75.59897125013593, 6.26910064622663], [-75.59868735724011, 6.269704383122976], [-75.59851030736124, 6.270341075160564], [-75.59819835031028, 6.2702267069313855], [-75.59809867073173, 6.270543815053329], [-75.59799742318697, 6.270504962957827], [-75.597972527864, 6.271722059142367], [-75.59778391611894, 6.271871949396791], [-75.59760778108638, 6.271931633705523], [-75.59739141929474, 6.271871971196343], [-75.59718643256942, 6.27162767872987], [-75.59687374987594, 6.27177092695394], [-75.59615411869416, 6.2717646291571425], [-75.5961706610313, 6.271933118671324], [-75.5954971709147, 6.272061893966003], [-75.59538790800181, 6.271839371721626], [-75.5953305940226, 6.271888755919061], [-75.59529329216849, 6.271814460516676], [-75.5953380193216, 6.271734553004677], [-75.59505046478603, 6.27112917205823], [-75.59470263398953, 6.271600372242528], [-75.59462454558667, 6.271262000963107], [-75.59411374633369, 6.271738886594386], [-75.59460822632933, 6.272263995803404], [-75.59534061815965, 6.272736314321641], [-75.59628586156404, 6.272722702201561], [-75.59664273179222, 6.272799525633263], [-75.59721024676871, 6.273332872799865], [-75.59773687024284, 6.273633156930803], [-75.59841770357188, 6.273655391125803], [-75.59869366362702, 6.273748564790307], [-75.59887377997474, 6.273954300629997], [-75.59907595800587, 6.274436815498883], [-75.59938992147563, 6.274617603185622], [-75.59977672097692, 6.274681992465047], [-75.59993118909043, 6.274839383308682], [-75.60035042205254, 6.274711338064724], [-75.60080723602051, 6.2747180906015885], [-75.60284009662152, 6.275744036458272], [-75.60320204343452, 6.275699941573061], [-75.6035882428659, 6.275232080057105], [-75.60402077867258, 6.275262561834459], [-75.60492822577254, 6.275688523506792], [-75.6055160842349, 6.276285142374528], [-75.60589160019305, 6.276458012453367], [-75.60631679712935, 6.276513354021806]]]]}, "properties": {"OBJECTID": 13, "comuna": "13", "sector": 4, "nombre": "SAN JAVIER", "fecha_sincronizacion": 1774145701000, "Shape_Length": 26238.02660901708, "Shape_Area": 5096738.841731762}}, {"type": "Feature", "id": 14, "geometry": {"type": "Polygon", "coordinates": [[[-75.56228353233718, 6.2912618555542785], [-75.56220004318872, 6.291533322076072], [-75.56158568442959, 6.291373032169023], [-75.56123116714762, 6.2913704197452684], [-75.5612963560541, 6.289868041041439], [-75.56051172954294, 6.289852382270066], [-75.56004252213692, 6.289596761483907], [-75.55969508527292, 6.289226287184232], [-75.55936224956037, 6.2892733001523204], [-75.55918520158988, 6.289137604563809], [-75.55880272074498, 6.289116830644584], [-75.55824764404304, 6.2889168035530325], [-75.55797433564238, 6.289052402382485], [-75.55783880736189, 6.289320219014239], [-75.557650204794, 6.289324735420779], [-75.55739752536442, 6.289073111514252], [-75.55606763254532, 6.289082549067747], [-75.55584197678631, 6.288777009630526], [-75.55584627828637, 6.289321451126328], [-75.55533023493112, 6.289152310733712], [-75.55489795087617, 6.289436547111301], [-75.55447444079583, 6.289402634322655], [-75.5542638113743, 6.289571005310081], [-75.55407295048228, 6.289526927939236], [-75.55391201403228, 6.289612806152558], [-75.55393459405357, 6.289864805280629], [-75.55376216278295, 6.290024401362266], [-75.55318736785614, 6.291673378247644], [-75.55254101325697, 6.291468140070131], [-75.5523421146369, 6.2921210975318855], [-75.55132472112126, 6.291862737339406], [-75.55035332320529, 6.291934472511417], [-75.55072627873683, 6.292410659191813], [-75.55019888238228, 6.2924153511461025], [-75.55022738400542, 6.292584337186814], [-75.55009964724626, 6.292521483096876], [-75.54989807455948, 6.292805169175112], [-75.54983275676356, 6.292777433853155], [-75.54915372320596, 6.294523507916922], [-75.54935391813211, 6.294469168960415], [-75.5491104455678, 6.294634789423194], [-75.54891810604263, 6.295129010961574], [-75.54920086382354, 6.295694600020289], [-75.55029792138018, 6.295894613062669], [-75.55062079761372, 6.296173098134686], [-75.55083947515661, 6.29658448011823], [-75.55064399351282, 6.29709414216856], [-75.55023044279697, 6.297220218604705], [-75.55027789702703, 6.297584270748979], [-75.5502143348695, 6.297831290551762], [-75.54874489499646, 6.300498862188545], [-75.54862142508226, 6.301233800234208], [-75.54868157979105, 6.30166654061173], [-75.54853163550109, 6.301916010887865], [-75.54874611821143, 6.302577225182761], [-75.54825268063743, 6.303512366365156], [-75.54842065860956, 6.303889244714949], [-75.5483463782139, 6.304185610906854], [-75.54822081947155, 6.304321845107137], [-75.5479750192679, 6.3043236057063154], [-75.54785931205416, 6.304036646136334], [-75.5476808655682, 6.303845238853948], [-75.5470802677856, 6.303579554771376], [-75.5468923056685, 6.303703521204911], [-75.54658177275341, 6.3041220918375265], [-75.54628335796504, 6.304303603600962], [-75.54599784748615, 6.30433076919885], [-75.54454207286997, 6.3039530497784], [-75.54449406613776, 6.3042037653025895], [-75.54470315048273, 6.304423030111153], [-75.54495712992548, 6.304433713194572], [-75.5451495761384, 6.3045732227103155], [-75.5453503442159, 6.304905828555394], [-75.54567535033527, 6.305102912860882], [-75.54574862282655, 6.305209047772652], [-75.54568337696391, 6.305356214234184], [-75.54595836944664, 6.305696367846051], [-75.54605416963335, 6.305719023128211], [-75.54613341654486, 6.305579446004989], [-75.54634348395146, 6.305523766200629], [-75.54671448443236, 6.305634788957367], [-75.54698100801997, 6.30548266957233], [-75.54721630463142, 6.305498842876334], [-75.54754418109032, 6.30575361425508], [-75.54796286912952, 6.305773338612925], [-75.54802068597024, 6.305901074398135], [-75.54829725256975, 6.306057846931741], [-75.54860156587087, 6.305804637588853], [-75.54862874921893, 6.306148532633657], [-75.54876400080857, 6.306184246699383], [-75.54889203980129, 6.306000643137494], [-75.54907237667774, 6.306076053654961], [-75.54961127852845, 6.306773985847458], [-75.54978701170816, 6.306784298627337], [-75.5500037753518, 6.306546455595727], [-75.55036572180175, 6.306549629204854], [-75.55061138422884, 6.306733157328877], [-75.55080147251596, 6.307109962583152], [-75.55175504479352, 6.307076725230116], [-75.55202204478203, 6.30723118223754], [-75.55213271787983, 6.30750578445501], [-75.55309779108158, 6.307497903222107], [-75.55499968385841, 6.308164676927876], [-75.55535543410046, 6.30857602016505], [-75.55588665678427, 6.308933667055844], [-75.55609466150013, 6.309290019347871], [-75.55681641213488, 6.309772528448381], [-75.55710520709887, 6.3101713935110135], [-75.55730916479465, 6.309812897712517], [-75.5573530895138, 6.3093185832003975], [-75.55710609612454, 6.308121240004348], [-75.55707866635518, 6.307418216542132], [-75.55717749739519, 6.306286789087208], [-75.55687014228438, 6.304290303559043], [-75.55708425293983, 6.302878766847743], [-75.5581107860165, 6.300302862108913], [-75.55818627071758, 6.299881325874167], [-75.55853348038123, 6.298999805160818], [-75.55944829415722, 6.297555871006768], [-75.55965652115238, 6.297427792982459], [-75.55981415700931, 6.296077958561202], [-75.55997008091849, 6.29572464102748], [-75.56057135515405, 6.295182780727038], [-75.5609200510327, 6.295034451523297], [-75.5612620013434, 6.294660090579291], [-75.56141702996665, 6.294664278778161], [-75.56146297498626, 6.294957658426216], [-75.56248002577529, 6.2940413322876925], [-75.56296226256401, 6.293276683337101], [-75.56343887174133, 6.291722687191169], [-75.56331519294653, 6.291696716693512], [-75.56336053673591, 6.291504271815649], [-75.56311975303652, 6.2912929960225545], [-75.56300022580244, 6.291306391015687], [-75.56277900516268, 6.291540252319829], [-75.56256624804344, 6.291458925276402], [-75.56234218431418, 6.291155172908311], [-75.56228353233718, 6.2912618555542785]], [[-75.55108626818438, 6.301698888675781], [-75.55108804740034, 6.301699825661088], [-75.55107954434189, 6.301697166714036], [-75.55108626818438, 6.301698888675781]]]}, "properties": {"OBJECTID": 14, "comuna": "02", "sector": 1, "nombre": "SANTA CRUZ", "fecha_sincronizacion": 1774145701000, "Shape_Length": 8696.751044440603, "Shape_Area": 2213759.4675568896}}, {"type": "Feature", "id": 15, "geometry": {"type": "Polygon", "coordinates": [[[-75.55679233013473, 6.185635741573353], [-75.55676985537859, 6.184639290556931], [-75.55691214378436, 6.183685162039327], [-75.55585839086709, 6.183489017679681], [-75.55544872993138, 6.183229344985581], [-75.55539866710183, 6.182992455855625], [-75.55563082507872, 6.182363804679186], [-75.55544414376381, 6.181786134566841], [-75.5554534577215, 6.181282747517036], [-75.55548237262879, 6.181231149610601], [-75.55570795738507, 6.181304147702896], [-75.55611791763147, 6.181271609717526], [-75.55634386723895, 6.181189617250857], [-75.55654308522621, 6.181278974056178], [-75.55687012371799, 6.181139622441492], [-75.5571402513701, 6.181133000043247], [-75.5571600201087, 6.180958954778648], [-75.55727956290163, 6.18096266219531], [-75.55815696372053, 6.181653427757519], [-75.55835733085425, 6.181608206313651], [-75.55837574713607, 6.18183109428498], [-75.55851208861803, 6.181724404751512], [-75.55861296420014, 6.181750843991722], [-75.55857387231985, 6.181166794959091], [-75.55867665666115, 6.180973777140388], [-75.55948897102353, 6.180752124098903], [-75.55957669546459, 6.180554717977496], [-75.55981848324879, 6.180451482191824], [-75.55979492626213, 6.180375248929427], [-75.55928906531958, 6.180627919663149], [-75.55857942550257, 6.180708885363379], [-75.55860030137057, 6.179651358255017], [-75.55826247844516, 6.17972156419774], [-75.55751133806775, 6.179630807432587], [-75.55727367671363, 6.179700844513842], [-75.55635500479882, 6.179693697058532], [-75.55682847493539, 6.179424359394912], [-75.55694416920397, 6.179245657614179], [-75.55741042886699, 6.17787836063908], [-75.55755810384103, 6.177209329119407], [-75.55780231492598, 6.177239082727309], [-75.55793171261693, 6.176939066063244], [-75.5589131904061, 6.177365279449436], [-75.55915525923531, 6.176713893212961], [-75.5595600146924, 6.176827716834776], [-75.55991282916438, 6.176570076595175], [-75.55988425107346, 6.175824571985419], [-75.55932009114053, 6.175527384548518], [-75.55915483553285, 6.17554423753432], [-75.55852636084124, 6.1753231230178125], [-75.55811415978371, 6.1753382695764225], [-75.55786039607352, 6.17547019790191], [-75.5574269912145, 6.17552885912959], [-75.55671926381657, 6.175447441834677], [-75.55606085244105, 6.175488741769667], [-75.55540335248625, 6.175167794883636], [-75.55503661696919, 6.1751485291923585], [-75.55411012694847, 6.175336865964016], [-75.55330797119144, 6.175817154686132], [-75.55315001570017, 6.175775992424666], [-75.55290175314046, 6.175851419434825], [-75.55241280495218, 6.17571851317741], [-75.55213483873108, 6.175880883795815], [-75.55183367833172, 6.1758369564755675], [-75.55077920044005, 6.175939318056405], [-75.54887857946551, 6.175491622636424], [-75.54860590318908, 6.175361277735009], [-75.54744535279767, 6.175149984734891], [-75.54696906173125, 6.174773322941238], [-75.54667623044749, 6.174827322575471], [-75.54625983681916, 6.174766117059394], [-75.54605937027584, 6.174695190930723], [-75.54599042421303, 6.174573423631126], [-75.5459173387065, 6.174640270741526], [-75.5457775240576, 6.174546413434417], [-75.54565375818558, 6.174634711697571], [-75.54515279188152, 6.174430878778036], [-75.5449044818762, 6.174185509559457], [-75.54485256001966, 6.173921870659382], [-75.54444362982264, 6.173539693558531], [-75.54419976194946, 6.1728978081256916], [-75.54387458274444, 6.172617539739665], [-75.54357649557436, 6.172536163591677], [-75.54241123267664, 6.172527075372154], [-75.54174280313448, 6.172174467035786], [-75.54135438765191, 6.172056923272614], [-75.54115566647735, 6.171912266680259], [-75.54089376803961, 6.1706013819228565], [-75.54072214535887, 6.1705019277826665], [-75.54033624899704, 6.170465748139853], [-75.54001060620429, 6.170285294156165], [-75.53822944527883, 6.1710329314964625], [-75.53764469758994, 6.171375848336275], [-75.53737073958597, 6.171831135622588], [-75.53653519998767, 6.171817675929377], [-75.53627149341155, 6.171918977899389], [-75.53588981108172, 6.172456216801089], [-75.53588924709543, 6.172851052758881], [-75.5356274292376, 6.1735992829997635], [-75.53497558290572, 6.174282636663138], [-75.530892055994, 6.176673578118438], [-75.53146260574411, 6.177140035221049], [-75.53194164144716, 6.178445168830136], [-75.53204574244143, 6.1790417280902465], [-75.53201930074833, 6.179471077486639], [-75.53171590469859, 6.1805590005344175], [-75.53045149141491, 6.181637701286556], [-75.5305105087922, 6.182341884540733], [-75.5314615887628, 6.182646780193392], [-75.53125942492731, 6.183799678028465], [-75.53077801193686, 6.184994590619223], [-75.52949109670534, 6.1870641685408], [-75.52911448306551, 6.187236701726202], [-75.52874155143945, 6.187234314917052], [-75.52856903562864, 6.18737571946222], [-75.52844988641121, 6.187631866818077], [-75.52853202340168, 6.189075813282575], [-75.52881359852901, 6.190259305343693], [-75.52873084555225, 6.190891090155198], [-75.52786600863467, 6.191832844821782], [-75.52647376191875, 6.194393213306273], [-75.52565743676298, 6.1953991078412995], [-75.52516335326582, 6.195709671776901], [-75.52446960926716, 6.195800081007315], [-75.52384025931099, 6.195695648701319], [-75.52260238101589, 6.195740962300036], [-75.52033609299379, 6.196169762087372], [-75.51812050042479, 6.195760662214272], [-75.51399907996375, 6.194485969453592], [-75.51252519916177, 6.193940069679236], [-75.5114971919986, 6.193741326997063], [-75.51012318602724, 6.193202890299248], [-75.50897174918107, 6.19309922339165], [-75.50869563628328, 6.192974281586838], [-75.50803760876532, 6.19242815505512], [-75.50690414282647, 6.191143831067453], [-75.5067015080883, 6.191012705102056], [-75.50616895085186, 6.190760730181534], [-75.50515093848969, 6.190500605019394], [-75.50366540318291, 6.189915634319433], [-75.50137848470646, 6.189461942533815], [-75.49962698453272, 6.189564442575444], [-75.49859438306625, 6.1897400718562166], [-75.49808212685772, 6.190075243272827], [-75.49833352609586, 6.190994738400126], [-75.49828614804035, 6.191394683605528], [-75.49790448008257, 6.191704080939883], [-75.4975858522916, 6.191755998020239], [-75.4971798734468, 6.192002803645441], [-75.49699597304823, 6.19202224860156], [-75.49562882533378, 6.191870572226208], [-75.49476923763736, 6.191389861339543], [-75.49307833257606, 6.190814393425191], [-75.49206660402284, 6.190766281256896], [-75.49005882220983, 6.190906563822338], [-75.48838728953456, 6.190751696799976], [-75.48682364651641, 6.190433075987533], [-75.48628013378627, 6.190459371575041], [-75.48514986851579, 6.190093008344144], [-75.48479923894723, 6.190135541582186], [-75.48471350590225, 6.1902488389999535], [-75.48478271280777, 6.190915246825561], [-75.48511003499155, 6.19163627224247], [-75.485218523692, 6.192446707726959], [-75.48486298621724, 6.193071192504038], [-75.48387476423247, 6.194010060840817], [-75.4837980843003, 6.194676653253488], [-75.48392625766229, 6.195543635114493], [-75.48389350579014, 6.195771872569054], [-75.48374345255726, 6.196019682090667], [-75.48306235822903, 6.196715603479149], [-75.48293138015369, 6.197089225048607], [-75.48265764488652, 6.19726092197389], [-75.4826169589305, 6.197568443009375], [-75.48254330098855, 6.197624340079577], [-75.4825999262351, 6.197763546669843], [-75.48277150950084, 6.197646692195957], [-75.48291210195168, 6.197734050948783], [-75.48291354181295, 6.19799472756355], [-75.48308395970668, 6.1981173630230115], [-75.48327764368415, 6.198424859873151], [-75.4833157767267, 6.198718185161801], [-75.48353545934432, 6.198700871784783], [-75.48412782538615, 6.199190196616008], [-75.48417517731835, 6.199457339389028], [-75.48411502247887, 6.199676509249087], [-75.48431726986531, 6.199987673012697], [-75.48493307332927, 6.200397043308478], [-75.48562157714734, 6.2012100909329995], [-75.48576373744666, 6.2015418988049245], [-75.48563915395695, 6.201842709311583], [-75.48581553374642, 6.20333968484745], [-75.48555956144521, 6.20388435858504], [-75.48544982245157, 6.204395423951138], [-75.48574414439805, 6.2050224888034595], [-75.48593952822705, 6.205958354733846], [-75.48504506340466, 6.206710267826065], [-75.48480391418616, 6.207115091690839], [-75.48457917032674, 6.207815817753984], [-75.48452489869992, 6.208334256822524], [-75.48457845071486, 6.209004718871718], [-75.48473345819943, 6.209365994690164], [-75.48490598397068, 6.2103208045035005], [-75.48507323314787, 6.21063674983039], [-75.48504269086553, 6.210990778723811], [-75.48601630233567, 6.211874319327691], [-75.48585523119071, 6.212214375081034], [-75.48594808691985, 6.212334551195803], [-75.48625678328193, 6.212322721883528], [-75.48716210107489, 6.212673285572087], [-75.48783192046832, 6.213249609257179], [-75.48808490370848, 6.214225200825259], [-75.48843493693076, 6.214548669320782], [-75.48895207272275, 6.215406611358007], [-75.4889612339641, 6.215512850769371], [-75.48857719455575, 6.2156950947394005], [-75.48874281215717, 6.21597221094736], [-75.48896680092508, 6.216156540606437], [-75.48946347691577, 6.2156698907793055], [-75.48971285707226, 6.215528142750021], [-75.48986878536893, 6.215542570663991], [-75.49025296405134, 6.215693503406678], [-75.49070279924558, 6.216293801765997], [-75.49085068076577, 6.216841502903906], [-75.49081327071612, 6.217224445111208], [-75.49054733421711, 6.217869241386282], [-75.49024030032047, 6.218231052769753], [-75.49021593476901, 6.218636300414979], [-75.49090227767093, 6.2203299568530195], [-75.49097420582603, 6.22081542343173], [-75.49076558695315, 6.221881841783278], [-75.49008487415587, 6.223249837043339], [-75.49008200707212, 6.223701038752455], [-75.49026083490621, 6.2242255204345085], [-75.49021120968963, 6.225771205979492], [-75.49057327004029, 6.227011991996473], [-75.49156209742424, 6.228526758037859], [-75.49131046448836, 6.228947930613633], [-75.49092144533408, 6.2292214496862615], [-75.4904988576144, 6.229225535179272], [-75.48974450020152, 6.228954403148611], [-75.48949439108148, 6.229001396143374], [-75.48866023419919, 6.2294887069188976], [-75.4884432401283, 6.229953938471947], [-75.48827216469125, 6.230137388203734], [-75.48722052343673, 6.230444287882201], [-75.48653555925237, 6.230845183385474], [-75.48583647244234, 6.231056021378538], [-75.48526451688423, 6.231444344260811], [-75.48481542064695, 6.23145522260131], [-75.48449828283668, 6.231273279807061], [-75.48404627219375, 6.230640018160901], [-75.4836844413492, 6.230389888851194], [-75.48231369954475, 6.230153976590813], [-75.48182759174256, 6.230180728631669], [-75.48157587013053, 6.230353501664615], [-75.48079715038922, 6.231007521625854], [-75.48016864640738, 6.231683132642751], [-75.47934969214177, 6.232098067793953], [-75.47884954588179, 6.232551070425242], [-75.47878478232015, 6.232923746338395], [-75.47885993686909, 6.233450104128663], [-75.47879084644474, 6.234354565938699], [-75.47844278167024, 6.2350310685105494], [-75.47798689020944, 6.235222033888819], [-75.47760256044975, 6.235496089711904], [-75.4772038663603, 6.235545468953316], [-75.47618448743017, 6.235930456203552], [-75.47405514250825, 6.23646201349355], [-75.47365351546829, 6.236681349648609], [-75.47336908215436, 6.236973688505509], [-75.47306503057979, 6.237533909274462], [-75.4730807339401, 6.237687296413858], [-75.47375255657823, 6.239695278787894], [-75.47269364497416, 6.240730275524657], [-75.47221008699154, 6.240991859450667], [-75.47211625880985, 6.241131894947382], [-75.4720888218912, 6.241681991649994], [-75.47185275344334, 6.242274966172491], [-75.47195711926781, 6.24329295062444], [-75.47220160361704, 6.243810805906514], [-75.47234186282614, 6.244479579095155], [-75.4731588807576, 6.245385982049651], [-75.47377338929934, 6.2457391077498325], [-75.47380840423632, 6.245897445399826], [-75.47364404180276, 6.246931039832285], [-75.47368662849611, 6.247785175685615], [-75.47397868965591, 6.2484639733992555], [-75.47427670751513, 6.24874013613462], [-75.4747233892366, 6.24896631408778], [-75.47546028390059, 6.24843583204077], [-75.4757132150873, 6.2483674324265355], [-75.475954753765, 6.248411880670544], [-75.47656079280506, 6.249251631792738], [-75.47739969147435, 6.250813418507801], [-75.47803070855689, 6.2508902875147765], [-75.47845126297686, 6.251351406423736], [-75.47904348819797, 6.251756531608048], [-75.47978270345847, 6.2517127734915], [-75.48011440136924, 6.251893996933639], [-75.48048005015963, 6.251855202494907], [-75.48120175936415, 6.2520208587712744], [-75.4812047050266, 6.25179421829001], [-75.48135001740702, 6.251763551331229], [-75.48187283685874, 6.251874318092453], [-75.48246894385291, 6.2518746322941015], [-75.48284431654515, 6.251540553463673], [-75.48332494528725, 6.251375591262669], [-75.48392055818918, 6.2516889430094125], [-75.48439118538289, 6.251529031655997], [-75.48490400549387, 6.251922383769174], [-75.48582851382758, 6.252827161293345], [-75.48593311270396, 6.253048824729792], [-75.48596509795031, 6.25346329152671], [-75.48630683631718, 6.253833207752769], [-75.48601563166022, 6.254484185129041], [-75.48565484880253, 6.254850112734539], [-75.48558032299931, 6.255063370797587], [-75.4857475111411, 6.255682572363324], [-75.48593676882803, 6.255962499586472], [-75.48595027675206, 6.256370863955427], [-75.48609911417651, 6.256903099623841], [-75.4866351358049, 6.257546088566015], [-75.48697323354607, 6.257716668394098], [-75.48722008535782, 6.257692248734058], [-75.48734619300996, 6.257775520868401], [-75.48746763759003, 6.258014046326892], [-75.48738397320251, 6.258446093657558], [-75.48800601924395, 6.258967541840766], [-75.4882101676528, 6.259264480545608], [-75.48862820292062, 6.259219397823276], [-75.4887940590648, 6.259317698584613], [-75.48907262237012, 6.259676933022806], [-75.49017742871331, 6.260026640452022], [-75.4908010107137, 6.2607986247499685], [-75.49115762680779, 6.2614023101245655], [-75.49096719103021, 6.261710232126849], [-75.4909622097938, 6.262003303647226], [-75.49130588830427, 6.262376256137641], [-75.49141230515465, 6.262701745532093], [-75.49134800125897, 6.263107363662421], [-75.49116968834134, 6.263226687916193], [-75.49097778693226, 6.263543598899045], [-75.49108167665716, 6.263821994390317], [-75.49104488777286, 6.264197880218374], [-75.49140017433743, 6.264901355685708], [-75.49239385284874, 6.265894304863654], [-75.49251345635423, 6.266315643248221], [-75.49246107849916, 6.266789797480554], [-75.49292359458107, 6.267973365247432], [-75.49378586664457, 6.2690799919351266], [-75.4939766887624, 6.269099191025161], [-75.4945712735121, 6.269473994031883], [-75.49505424767271, 6.269262049281794], [-75.49536226459779, 6.269344288932172], [-75.49578525754167, 6.269595033516624], [-75.49590506057714, 6.269992802280857], [-75.49663524551656, 6.270828049785726], [-75.49621279095058, 6.271335327750575], [-75.49598210609012, 6.271958751990011], [-75.4959547436795, 6.272590643923796], [-75.49581881228976, 6.272870825122622], [-75.49548111354224, 6.273035604809393], [-75.49463624027652, 6.273076280354461], [-75.49392694293662, 6.272978292480119], [-75.49367974369495, 6.273081646795888], [-75.49318480993793, 6.274232931503913], [-75.49278109791197, 6.274723895819251], [-75.49250554275214, 6.2761910532561185], [-75.49255703924872, 6.276899055318992], [-75.4927066568177, 6.277206622212773], [-75.49363579717992, 6.277695199711223], [-75.49430158422696, 6.278396595043685], [-75.49505304434655, 6.278600915283851], [-75.49540287700393, 6.278779533737393], [-75.49544811980607, 6.279018267194872], [-75.49491495586528, 6.279801914294402], [-75.49458007136462, 6.28077753358662], [-75.49501627724803, 6.282664099363852], [-75.4954961796163, 6.283492973835256], [-75.49598808683277, 6.283901683523044], [-75.49637807455811, 6.284417097596699], [-75.49651397435306, 6.284414417007793], [-75.49676025545676, 6.283887142255896], [-75.49691894126286, 6.283878861048296], [-75.49704515896399, 6.284036625628099], [-75.49725771933878, 6.284465431320548], [-75.49736713689904, 6.285315307492086], [-75.49768267432752, 6.2857910436680315], [-75.4978622996344, 6.286323967606333], [-75.49813059823302, 6.287514572476797], [-75.49813552289457, 6.288327821466206], [-75.49857864815397, 6.288802473067443], [-75.49967606734826, 6.289223966513739], [-75.50011497171535, 6.289719522642919], [-75.50034930017326, 6.290134837860876], [-75.50040747155641, 6.290792536653514], [-75.49983797017508, 6.291236794394171], [-75.49959256718346, 6.291700629358458], [-75.49913043952405, 6.291771680644], [-75.49907356466976, 6.291911662171933], [-75.49915879319724, 6.29223032568417], [-75.49912500447284, 6.292417935248583], [-75.49904074877092, 6.2925397960129965], [-75.49866775849603, 6.292707200474081], [-75.49851382157095, 6.292937816346359], [-75.49904292393565, 6.293587592840418], [-75.49906391477172, 6.293839322092472], [-75.49900885942073, 6.294406090943294], [-75.49849922455388, 6.294679294166986], [-75.49847201583992, 6.29477071533496], [-75.49859575346883, 6.294912540231571], [-75.499213413497, 6.2950528671155555], [-75.49926505913945, 6.2952140103245275], [-75.49938935300035, 6.29522837585131], [-75.49972408295054, 6.294840928976299], [-75.49984556409234, 6.294861407211305], [-75.50005252920258, 6.295275298537999], [-75.50058239196173, 6.295539212924165], [-75.50078956594571, 6.295735844717788], [-75.50090773457256, 6.296611557476287], [-75.50177508102682, 6.296728061912854], [-75.50175580892609, 6.297377831725827], [-75.50182823992454, 6.2975563804906445], [-75.50228469663405, 6.29707588054936], [-75.50287020804998, 6.296946281422611], [-75.50307227701074, 6.296350521725294], [-75.50327680568095, 6.2963413110968185], [-75.50370585718392, 6.29611968235317], [-75.50416718417732, 6.29615822252695], [-75.50440244706866, 6.296279858688909], [-75.50448093516326, 6.296432160522986], [-75.5044734544637, 6.296840630336953], [-75.50531143576629, 6.297421235852829], [-75.50559931390279, 6.297766303055824], [-75.50611591034257, 6.2981521361835044], [-75.50672780896396, 6.298836294020708], [-75.50815255020103, 6.298913001090099], [-75.50849678915118, 6.298865203225775], [-75.50964422428915, 6.29901363083725], [-75.51055735800371, 6.299429924704454], [-75.51147526426222, 6.299975380936378], [-75.51273762822204, 6.30036376516718], [-75.51382873994261, 6.301159194335044], [-75.51397183658361, 6.3013482330134005], [-75.51428921920821, 6.3010127203518955], [-75.51495605454527, 6.300617533361462], [-75.51541509137775, 6.300172671967915], [-75.51631189570037, 6.299911287603762], [-75.51658146251972, 6.299741500118577], [-75.51693051839642, 6.29934926284946], [-75.51781028165237, 6.298923585300595], [-75.51870441055264, 6.298115206248127], [-75.51936905219037, 6.297302010265732], [-75.51948862232733, 6.296818858994076], [-75.51975641031713, 6.296311799433539], [-75.51999075848559, 6.295455512494108], [-75.52027767311617, 6.29490540039197], [-75.52045309003861, 6.293931971595354], [-75.52096345346828, 6.2930699818217], [-75.5209668255827, 6.292667733516526], [-75.52080170968736, 6.291728841323679], [-75.52117211006684, 6.290571322546513], [-75.52115783039844, 6.289858530594054], [-75.52143354129515, 6.288636155475699], [-75.52176014055904, 6.288440910385233], [-75.52220575016348, 6.288543095044475], [-75.52377892370107, 6.288242316969578], [-75.5249179719872, 6.288119920385409], [-75.52534797341578, 6.28893757961093], [-75.525552378183, 6.289146599697826], [-75.5263047647528, 6.289621267354187], [-75.52662432223572, 6.289707419520319], [-75.52721334965275, 6.290054063667915], [-75.5275598467638, 6.2905084925872625], [-75.52787947511189, 6.291193791335702], [-75.52816269289958, 6.291419992415359], [-75.52849605042535, 6.291937592919565], [-75.52961947835041, 6.292986656706368], [-75.52978762847212, 6.293230984398272], [-75.53011342535089, 6.293908568623742], [-75.5301307568252, 6.294114390143595], [-75.52969896351016, 6.294992498101742], [-75.52956360928408, 6.295729930657547], [-75.52959809451421, 6.296597061100324], [-75.52975679762712, 6.296925344379392], [-75.53001668308447, 6.29712844368232], [-75.53021855342499, 6.297502701421779], [-75.53014491712626, 6.297866593311206], [-75.53070314435806, 6.298375292043024], [-75.53120208675938, 6.2991536463421305], [-75.53143010029967, 6.299145503860754], [-75.53226364763285, 6.299755042033959], [-75.53289295159243, 6.300054173871904], [-75.53336621167315, 6.300081939507964], [-75.53370035397396, 6.29999524613713], [-75.53391063680701, 6.299874212214049], [-75.53404689740975, 6.299683933761439], [-75.53427224614215, 6.299658889637835], [-75.53443803481967, 6.299371965209481], [-75.53513361084326, 6.2992781324563785], [-75.53556528884027, 6.298915829658796], [-75.53589871423021, 6.298439573503615], [-75.53592792113768, 6.2981761401221785], [-75.53632410159412, 6.297653150011848], [-75.53593585977653, 6.297909610484261], [-75.53580714083763, 6.297816306960599], [-75.5361564814982, 6.297100012924965], [-75.53709782615434, 6.296646685162428], [-75.53685503766353, 6.296127726874962], [-75.53623885188749, 6.29643573933126], [-75.53606954973384, 6.2963398085586055], [-75.53578006278103, 6.296734528410199], [-75.53554092588743, 6.296581776087933], [-75.53585830988007, 6.296205217298703], [-75.53542761965906, 6.294989980641094], [-75.53550541232292, 6.294732576716466], [-75.53576394527911, 6.294558361021762], [-75.53607927657906, 6.294890991922539], [-75.53662284051697, 6.295284340029404], [-75.53746938112955, 6.294413890476732], [-75.53625862289198, 6.293940220090356], [-75.53581135310148, 6.293413451437894], [-75.53638230508243, 6.293090524787325], [-75.53641828130723, 6.293038819156931], [-75.53631864705807, 6.292972644763928], [-75.53642469375346, 6.292791868353481], [-75.53638013822173, 6.292627976511618], [-75.53651576240843, 6.292583846036386], [-75.53647717596881, 6.2923912874210135], [-75.53639367696482, 6.29242137239491], [-75.5363903293161, 6.292169623855848], [-75.53647115251228, 6.292166668060446], [-75.5364703466822, 6.29207042550788], [-75.53618675740874, 6.292135958074406], [-75.53617253877901, 6.2916941887219595], [-75.53630912588973, 6.291456522827958], [-75.53626056641946, 6.291066961055188], [-75.53656340578802, 6.29124875840355], [-75.53690470606826, 6.291071369803842], [-75.53692691568119, 6.290882494883491], [-75.53626790222172, 6.290684480946402], [-75.53638221125094, 6.290214266952995], [-75.53622976746881, 6.289826165245277], [-75.53638090848011, 6.289770378047262], [-75.53639907198831, 6.289657276583348], [-75.53651524900376, 6.28959771993275], [-75.53639974640859, 6.289163829047359], [-75.536506414583, 6.289011579193706], [-75.5359966307281, 6.2887020419736634], [-75.53600246485033, 6.28887828325989], [-75.53589630590119, 6.288859974059501], [-75.53586942619742, 6.288744931306355], [-75.5357796053143, 6.287958662647951], [-75.53582642060675, 6.287082479371169], [-75.5368090283357, 6.286984055564927], [-75.5366090226995, 6.286496479858488], [-75.53637519238083, 6.286617631349614], [-75.53629927741868, 6.28648976215888], [-75.53587643788647, 6.286512278802728], [-75.53593006682979, 6.2862375757403175], [-75.53588174517208, 6.285485852454689], [-75.53614825932881, 6.285490796789316], [-75.53626232709347, 6.285155201408283], [-75.53618617152183, 6.2851448490487405], [-75.536205288024, 6.284986326660895], [-75.53637195889905, 6.2850041200727835], [-75.53664912057533, 6.284535977796582], [-75.53667290935789, 6.284334586852742], [-75.5372985980045, 6.283436468669588], [-75.53772377155101, 6.283744291537215], [-75.53784370396286, 6.283350509034387], [-75.53762744633737, 6.283259635751552], [-75.53779241889387, 6.283211485758544], [-75.5377588748128, 6.2830026602387985], [-75.53749885020949, 6.282967600384025], [-75.53746478545402, 6.282470105858362], [-75.53727992800886, 6.2824232720235], [-75.53735843687389, 6.282147056188445], [-75.5373096889081, 6.281995635009044], [-75.53764845615322, 6.281809931071547], [-75.53761522271928, 6.281748469818734], [-75.537532103653, 6.281782045931833], [-75.53748002898297, 6.281644642005314], [-75.5381367322244, 6.281571908262252], [-75.53937442655959, 6.282087493745466], [-75.53934280840963, 6.281839892697547], [-75.5395609481958, 6.2813969779343495], [-75.53956994069235, 6.281035781554173], [-75.53927835538055, 6.2801341968211455], [-75.53891450309696, 6.279496258573422], [-75.53882833373119, 6.279167724663963], [-75.53888426239916, 6.279062333070934], [-75.53873856982787, 6.278909025473474], [-75.53849380146626, 6.279034735569269], [-75.53836040436447, 6.278903401378284], [-75.53823309321135, 6.279103908317784], [-75.53839870958342, 6.27925712937015], [-75.53831781807679, 6.279356499534772], [-75.5383705533696, 6.2794483067082085], [-75.53770779877225, 6.279487605107727], [-75.53736776964222, 6.279406593157248], [-75.53674184344186, 6.278694714456398], [-75.53663844051007, 6.278199746223549], [-75.53624038237005, 6.2772731319295945], [-75.5365027560934, 6.277146547474548], [-75.53608949494554, 6.276615421414236], [-75.53592432797838, 6.276241803675557], [-75.53603986341889, 6.275770969941679], [-75.53666884362377, 6.275814796988344], [-75.53661636483785, 6.27569796226191], [-75.53586898475335, 6.27548307165849], [-75.53571473126064, 6.275517285560337], [-75.53569595354621, 6.27501725127943], [-75.53733711392009, 6.274857704379114], [-75.53727425203145, 6.274041629224759], [-75.53628560234218, 6.2738897253005295], [-75.53637101433081, 6.273303423239265], [-75.53674548231314, 6.273325799832072], [-75.53677455122676, 6.273227965028344], [-75.53666366644127, 6.273208881996979], [-75.53669196956741, 6.273087410141501], [-75.53674148696942, 6.272954732110296], [-75.53682961092538, 6.272997424216076], [-75.53701865970052, 6.27244960570636], [-75.53586358254312, 6.271131479820658], [-75.53565703161674, 6.270659947917988], [-75.53549417225022, 6.2706601385329375], [-75.53549752352657, 6.270770994774613], [-75.53541324554831, 6.270781026060294], [-75.53510053037199, 6.270663245107543], [-75.53453312593587, 6.270186142247612], [-75.53440952044974, 6.270218978225913], [-75.53430404987962, 6.269425475366553], [-75.53437025874686, 6.269153752386738], [-75.5343111248714, 6.268750993716702], [-75.53411170201908, 6.268201217971865], [-75.53387988763686, 6.268077264359462], [-75.53406397195666, 6.2678010168966525], [-75.53496113637945, 6.267571863010862], [-75.53551101302108, 6.267290219740301], [-75.53571380667763, 6.267677140879509], [-75.53573602482852, 6.267876527131407], [-75.5365044269341, 6.267815474533322], [-75.53659956584661, 6.267292882044825], [-75.53666355897745, 6.2672503439130205], [-75.53701364958806, 6.267284295126436], [-75.53738373549446, 6.267584775005779], [-75.53763211739296, 6.267511859161842], [-75.53770671386005, 6.267590880025828], [-75.53789766231223, 6.267583109530872], [-75.53802072893647, 6.267511940380548], [-75.53788990361751, 6.267238926901137], [-75.53776152945821, 6.267293609883919], [-75.53765013002328, 6.267125005034135], [-75.53779893382229, 6.2670269478125675], [-75.53777360764377, 6.2669097436826435], [-75.53887319899994, 6.26694099220353], [-75.53947675066173, 6.266815589459822], [-75.5395019797731, 6.266669893479379], [-75.53933346160481, 6.266557672328609], [-75.53907768024628, 6.266020052313535], [-75.5393891247128, 6.26577720292789], [-75.53947167659861, 6.265485658258668], [-75.53887108792937, 6.2651209584112175], [-75.53909920785067, 6.264445547055138], [-75.53907691137586, 6.263946428674674], [-75.53897289372289, 6.263932937518065], [-75.53897091743868, 6.263793848509115], [-75.53917567219281, 6.263782381255122], [-75.53917641622003, 6.263655404144929], [-75.53905937573796, 6.263653418477693], [-75.53906313715608, 6.26353214706616], [-75.53921266585938, 6.2634641020519535], [-75.53918021447201, 6.263183337958872], [-75.53931767223104, 6.262459776124454], [-75.53916827291962, 6.262376044401973], [-75.53941329574538, 6.262160778140239], [-75.53932367280147, 6.26195746038133], [-75.5394910032513, 6.26192755968229], [-75.53954479635445, 6.26177209490257], [-75.53971079947274, 6.261734352896393], [-75.53982380139702, 6.261262178650952], [-75.54141099418587, 6.2617282087546915], [-75.54150027697291, 6.261708153415973], [-75.54150299360333, 6.261588954068684], [-75.54159061953294, 6.261590421870061], [-75.54158557946532, 6.261665818365616], [-75.54182896494677, 6.261625639496357], [-75.54186004020696, 6.2615180037759695], [-75.54278632360928, 6.2615826171033895], [-75.54281696384902, 6.2612920097945475], [-75.5445999732926, 6.261581187463475], [-75.54493258548334, 6.260311799150231], [-75.54477638954059, 6.259852905260877], [-75.54597200715169, 6.259208805119447], [-75.5457588830217, 6.25914204535126], [-75.54551865981777, 6.258843041289665], [-75.54488460934923, 6.258798876369951], [-75.54445069575019, 6.258480731275196], [-75.54423624334075, 6.258156500504059], [-75.54425738466911, 6.257884927613481], [-75.54385412900054, 6.257650555090678], [-75.54331461920894, 6.2575520509011024], [-75.54317454207276, 6.2574468465430755], [-75.54267599895896, 6.2575742691230225], [-75.54223713404363, 6.257353233999465], [-75.5420661720872, 6.257414077614247], [-75.54209886465358, 6.257578837160773], [-75.54197551816009, 6.257627628052693], [-75.54133835617893, 6.257230822056622], [-75.5412319407832, 6.257237051158576], [-75.54120397295226, 6.257156951214566], [-75.54073431624322, 6.257027573100585], [-75.54070215065595, 6.257123176694052], [-75.54032467881413, 6.256885432753111], [-75.54020934229948, 6.256950227933881], [-75.53991002952341, 6.256878837178407], [-75.53966773035461, 6.256980472425921], [-75.53892893283538, 6.256996171712816], [-75.53868681787385, 6.256831443274694], [-75.53852271824188, 6.256552848711026], [-75.53823389389308, 6.256591758517926], [-75.53801441271104, 6.256755585200246], [-75.53760139784056, 6.256764641799402], [-75.53730964814497, 6.2569347205488794], [-75.53708349865266, 6.256962291323391], [-75.5370196169696, 6.256833384079434], [-75.53824778865345, 6.256233295538486], [-75.53813867361787, 6.255932230776099], [-75.53869644569843, 6.255557340131812], [-75.53874652759366, 6.255298768613783], [-75.53951885850242, 6.254951182400216], [-75.53943259198887, 6.25446482010427], [-75.53891823302929, 6.253917499661632], [-75.53893264597944, 6.253668596515556], [-75.53921015844602, 6.253418184789166], [-75.53923268293121, 6.252846572908999], [-75.5386627842911, 6.252580484697425], [-75.53833977390437, 6.252866674666396], [-75.53813959007933, 6.252904479047774], [-75.5382308551144, 6.252146243059258], [-75.5383206276007, 6.252130545222751], [-75.53834837615125, 6.252008276345093], [-75.53819553244796, 6.251659092201693], [-75.53832504563981, 6.2511208773271845], [-75.53829871342523, 6.250804602912957], [-75.53852908302581, 6.250659021952676], [-75.53852430591088, 6.250466228477042], [-75.53870085708581, 6.250460327094464], [-75.53870612176821, 6.250265723925627], [-75.53847317113812, 6.250251542496898], [-75.53838825856705, 6.249750521572879], [-75.53848648989128, 6.249654033072877], [-75.53833625262412, 6.249502585547788], [-75.53787978254984, 6.249325416328002], [-75.53786692723794, 6.249123723674615], [-75.53793472136616, 6.249149572252354], [-75.5377961381024, 6.248996511299637], [-75.53824516079774, 6.248894608806064], [-75.53871890729086, 6.2485043536088005], [-75.5383280308551, 6.248350690200558], [-75.53825634014814, 6.2480756308017416], [-75.538450103082, 6.248189081869428], [-75.5391992927093, 6.247733793743766], [-75.53914624478256, 6.247638442739381], [-75.53938830924673, 6.247498401111112], [-75.53963478001353, 6.247063355236677], [-75.54004345515894, 6.246663568369911], [-75.54055608328854, 6.246343997434539], [-75.540691446214, 6.24639635515823], [-75.5410411507877, 6.246120354525267], [-75.54103665525625, 6.245983340090749], [-75.54070563070225, 6.245966680841075], [-75.5405149388536, 6.2457952005918], [-75.54003426902248, 6.246164129727325], [-75.53978371166856, 6.24590909091896], [-75.53993545649506, 6.245230217051064], [-75.54046913476607, 6.244714643041261], [-75.54053589134766, 6.244295644572245], [-75.54061785649033, 6.2442916214281246], [-75.5410554314168, 6.244790956151411], [-75.54120149477657, 6.245249860915442], [-75.54153635540708, 6.245262113839964], [-75.54139955390116, 6.2450356838379255], [-75.54142047717255, 6.244746419081039], [-75.54120126063442, 6.244856009485946], [-75.54061088406733, 6.244243437921635], [-75.54040059030613, 6.243859731304513], [-75.54035243499828, 6.243818470524525], [-75.54032723525818, 6.243939780266824], [-75.53984624663555, 6.243622091182901], [-75.53991135982787, 6.242965112924399], [-75.53929643619514, 6.242723649549334], [-75.53826180160728, 6.241791169990079], [-75.53762920571012, 6.241330206911278], [-75.53748580712765, 6.24095944581248], [-75.53753364238229, 6.240469095955433], [-75.53742013944111, 6.239733563229504], [-75.53673295422321, 6.23936277051988], [-75.5368166358405, 6.238896342421486], [-75.53583681990763, 6.237999317933158], [-75.53541838428656, 6.2381607220319975], [-75.53508371062968, 6.238053081849045], [-75.5348088263124, 6.238190600251073], [-75.53443834444339, 6.237903549213727], [-75.53414553994412, 6.2378616638670605], [-75.5336781864803, 6.2385079068515], [-75.53342450304302, 6.238610937378958], [-75.5329088676384, 6.239114829729846], [-75.53285473438079, 6.2390430030900905], [-75.5329640787806, 6.238960048692107], [-75.53276246143949, 6.238790640442044], [-75.5329145604437, 6.238620950968856], [-75.53269875659119, 6.238575840207866], [-75.53250729149306, 6.238666486661107], [-75.53234424428149, 6.239068766849824], [-75.53225178965475, 6.239047161913778], [-75.53200073317002, 6.237998640713569], [-75.53207897323067, 6.238322074259066], [-75.53199159966142, 6.2388407627381115], [-75.53141792028374, 6.238818336128723], [-75.53142344391337, 6.2396337942906195], [-75.53089474217538, 6.2396232943838745], [-75.53090825365085, 6.2399951123400665], [-75.53013954467971, 6.240064447524183], [-75.53012983706729, 6.239980197743946], [-75.5297718538733, 6.23989822026642], [-75.52887864918469, 6.2403912365635765], [-75.52887371972098, 6.240099138217843], [-75.52875912877901, 6.240008500973373], [-75.52863868395464, 6.239711758770017], [-75.52875927535173, 6.2392142507865005], [-75.528556291045, 6.238383826690697], [-75.5280956476791, 6.237925420828683], [-75.52783935520804, 6.237312860878808], [-75.52767637648432, 6.237117852175134], [-75.5274040349717, 6.236313955408351], [-75.52699765723142, 6.236215775575318], [-75.5268301472753, 6.235921923313148], [-75.52652821617689, 6.235645629950501], [-75.52620042593006, 6.235588026313422], [-75.52621932527644, 6.235512608773365], [-75.52605264183502, 6.235382162122689], [-75.52526827801138, 6.234992927715399], [-75.52516021744357, 6.234827352934882], [-75.52489947751069, 6.234763440654091], [-75.52515301520782, 6.2341561261833585], [-75.52530918634122, 6.234048597240347], [-75.5250402478762, 6.232882575140596], [-75.52560733249977, 6.232827830971276], [-75.52589183384211, 6.232430568684682], [-75.52626084520881, 6.232252808214163], [-75.52699078395236, 6.231674115158268], [-75.52729744193243, 6.231944025038444], [-75.52727175059911, 6.232075164423088], [-75.52740602304547, 6.232295008591596], [-75.52778440361988, 6.232164839586681], [-75.52844282451073, 6.232180540479985], [-75.52836400828083, 6.231682131604365], [-75.52857168932667, 6.2315809606659], [-75.52866482268817, 6.231431447074506], [-75.52871833588294, 6.231261380318082], [-75.52859225716237, 6.231208106769088], [-75.52881815931252, 6.2311987929205275], [-75.52963107420769, 6.230537119385689], [-75.5296823146985, 6.230211078554663], [-75.5283462761987, 6.230772614515954], [-75.52813381713335, 6.230510843523517], [-75.52771526159803, 6.230432030202689], [-75.52742881885517, 6.23051104848843], [-75.52716386658581, 6.230423701156084], [-75.52697147424811, 6.230018256019401], [-75.52675834245818, 6.2298658733493575], [-75.52676001085118, 6.22974138589404], [-75.5262966449433, 6.229713320839141], [-75.52619068146139, 6.2296433901909944], [-75.52626501505401, 6.229501791221535], [-75.52682894121097, 6.2295349710042744], [-75.52704148559475, 6.2294491087652855], [-75.52699964757788, 6.229592983207325], [-75.52734854664831, 6.229680335287595], [-75.52746656269761, 6.229867319574541], [-75.52758705506298, 6.2298623181057025], [-75.52759274894309, 6.229636435051299], [-75.52793960851113, 6.229592370755896], [-75.5279477578176, 6.229451391009643], [-75.52796913567649, 6.229519489965683], [-75.52808409754242, 6.229446886703677], [-75.52817559638653, 6.229645873512161], [-75.528287397429, 6.229368819403468], [-75.52806710363882, 6.229283550170893], [-75.52788073352255, 6.228689057473044], [-75.52788882074111, 6.228479402809299], [-75.52807052500003, 6.228139796647412], [-75.52808489058137, 6.227805401119456], [-75.5279004222782, 6.227389448492986], [-75.52818751062505, 6.2274783272837455], [-75.52843357299221, 6.227876853156284], [-75.52865370578431, 6.227933920092012], [-75.52895897648607, 6.2278429150745644], [-75.5292003228102, 6.227359425153479], [-75.5293747155644, 6.227268229367118], [-75.53004683873543, 6.227955790231272], [-75.53025059048596, 6.228025645104586], [-75.53078095754005, 6.22771879931113], [-75.53102678454454, 6.227303879614213], [-75.53161650452572, 6.227270399956922], [-75.53213161022464, 6.2270500937901225], [-75.53230016496211, 6.227211686819005], [-75.53225551414077, 6.227886996052096], [-75.53234539189626, 6.228065602454041], [-75.53301614562461, 6.228004376859166], [-75.53361006916803, 6.228294269910364], [-75.53370692541328, 6.228499536390116], [-75.53387615556369, 6.228464077559566], [-75.53390301241073, 6.2285626355727715], [-75.53588666806428, 6.22799394605967], [-75.53599020648167, 6.2281230956428], [-75.53625084191768, 6.227948493620091], [-75.53623838853034, 6.227860435732273], [-75.53656088619496, 6.227792400741096], [-75.53650953622117, 6.227693121816753], [-75.53673407249678, 6.227692363813931], [-75.53793027258614, 6.227348401042441], [-75.53862985583262, 6.227371557575546], [-75.53911038102554, 6.227791903987356], [-75.53966814153057, 6.2276363945721185], [-75.53964401437374, 6.227378169551826], [-75.54012137579987, 6.227281244704778], [-75.54023744604235, 6.227161342900071], [-75.54023929359214, 6.227034332428468], [-75.54033365715779, 6.227004598315966], [-75.54042375863712, 6.2261001922337265], [-75.54037167717767, 6.225951056537428], [-75.53962416135386, 6.225404317359519], [-75.53983824774606, 6.225137996674355], [-75.53999634073192, 6.225083772780082], [-75.5401363718449, 6.224712121421708], [-75.54017250327617, 6.224825156846728], [-75.54030240226602, 6.224791115516908], [-75.5409037788672, 6.22512318725643], [-75.54129617896349, 6.225498258758047], [-75.54145059224626, 6.225244050922666], [-75.54139660184838, 6.224948229770401], [-75.54162244747629, 6.225047681894716], [-75.54183024246045, 6.224907551767695], [-75.54249936791607, 6.224895822229845], [-75.54255327849215, 6.225043691088468], [-75.54355081735058, 6.225039715219634], [-75.54356410230756, 6.2248754087167235], [-75.54381318686393, 6.224544371470541], [-75.54417702882493, 6.225018223452258], [-75.54424767340093, 6.22533397856336], [-75.5445449403035, 6.225663092006637], [-75.54465784367439, 6.2256119417663145], [-75.5445662720279, 6.22546503164624], [-75.54467953554301, 6.225129227165899], [-75.54605603412868, 6.225853701504218], [-75.54631764675484, 6.226155145232515], [-75.54642170212686, 6.22609701332955], [-75.5464879293572, 6.226227731481469], [-75.54666363111711, 6.225908442043849], [-75.5466820664569, 6.225374862426058], [-75.54709605080096, 6.225385200654107], [-75.54806677782899, 6.225906357659277], [-75.54788881531614, 6.226243164369014], [-75.54799910168872, 6.226282663770998], [-75.54803126082051, 6.226468625213018], [-75.54840577182273, 6.226403657080431], [-75.54856614919485, 6.226191038368092], [-75.54891687981416, 6.226393253379447], [-75.54893199876034, 6.226449168024508], [-75.54878726491413, 6.226476597231453], [-75.54878656856383, 6.227188387388538], [-75.54886545063559, 6.22754590670728], [-75.54910130416019, 6.227553207639], [-75.54862401491118, 6.228884425148167], [-75.54870702472675, 6.229224186798194], [-75.54884389615965, 6.229353543860812], [-75.54870580640896, 6.229648055900366], [-75.54868591394671, 6.230007217956473], [-75.54886348108634, 6.23050448601768], [-75.54875908379168, 6.231004590913564], [-75.54889472458706, 6.231010478104629], [-75.54905040365335, 6.2308538492978505], [-75.5495357422599, 6.230635336908557], [-75.54991784781829, 6.2302453870603065], [-75.54997184124105, 6.229763295485388], [-75.55026539980048, 6.229202168419781], [-75.55097794442939, 6.229056133602782], [-75.55095314205892, 6.228667905241073], [-75.55122508573783, 6.228191480825452], [-75.5517137152213, 6.226500085157885], [-75.55210461252231, 6.226630938418542], [-75.55247604422802, 6.227016103262037], [-75.55290254229648, 6.226907070279219], [-75.55328087398556, 6.226960025112045], [-75.55433739089979, 6.227372307183279], [-75.55494703192052, 6.227745644582231], [-75.55503578313845, 6.2274891448847844], [-75.55503258849897, 6.226821574009789], [-75.55546300649034, 6.226735420237103], [-75.55593895455883, 6.227113112771108], [-75.55603536677322, 6.2272435386949345], [-75.55606189083336, 6.227480391434532], [-75.55634202212849, 6.227763962246578], [-75.55698247227224, 6.2280183176013795], [-75.5571574141903, 6.228363775241151], [-75.55723946409026, 6.2283571029307465], [-75.55728620961216, 6.228246837271972], [-75.55723472242649, 6.22803310890951], [-75.55702685302573, 6.227713679939799], [-75.55663882342097, 6.227426763085298], [-75.5567037122403, 6.227082626165439], [-75.55682447665711, 6.226945863313728], [-75.55714868978654, 6.226836565403017], [-75.55756659018307, 6.226460935263557], [-75.55921870961151, 6.226939285901048], [-75.55934980335938, 6.226595200653524], [-75.55927363392634, 6.226465258748981], [-75.5593532280057, 6.225910701361375], [-75.55923630508879, 6.224500169293189], [-75.55961331380837, 6.223049916995301], [-75.55972250336393, 6.222990524301142], [-75.56026130306483, 6.2231400039822375], [-75.56049059776718, 6.223016282368199], [-75.5606727711769, 6.222769567014825], [-75.56067615892091, 6.222498356316931], [-75.56040854301543, 6.221972884114762], [-75.55925111194296, 6.221101606846505], [-75.55898405986201, 6.220734338699444], [-75.55747827836058, 6.219521779088704], [-75.55709943308202, 6.21930819343175], [-75.55618118603951, 6.219113888114879], [-75.5548987095262, 6.218102570511978], [-75.55446056431794, 6.217533861563529], [-75.55396489493108, 6.217294569614509], [-75.55139171150407, 6.214864947413553], [-75.55132331884028, 6.2145663524043995], [-75.55148572431051, 6.2139915033275495], [-75.55139605369025, 6.213789504327568], [-75.55038314002, 6.213684819334103], [-75.54887331818419, 6.213775404281375], [-75.54790291441827, 6.2141691363603755], [-75.54733582621951, 6.214524344247595], [-75.54711199311558, 6.214465231094154], [-75.54701153766092, 6.21431675434516], [-75.546785873053, 6.213356552247102], [-75.54689034009368, 6.212888616867121], [-75.54683840369938, 6.212775389730285], [-75.5469128549333, 6.212847945586525], [-75.54694006088673, 6.21336721381712], [-75.54713482426783, 6.212973882581013], [-75.54715067604958, 6.212452402578931], [-75.5475523295537, 6.212090860328096], [-75.54761879738146, 6.211891565848388], [-75.54766227252516, 6.211606748693738], [-75.54740524778913, 6.211556064061647], [-75.54733740650482, 6.211305314680105], [-75.54739701633271, 6.210422816195929], [-75.54733050873281, 6.21023158859902], [-75.54714297721026, 6.210289863767616], [-75.5472728152687, 6.210170787640717], [-75.54721827271035, 6.210148069705561], [-75.54703940133919, 6.210280535828878], [-75.54675165003023, 6.210259577373063], [-75.54649135740297, 6.210403783809048], [-75.54588966829475, 6.2101714105722925], [-75.54598242653493, 6.21020159618145], [-75.54616983369488, 6.210097094902934], [-75.54638433713603, 6.210155503760427], [-75.54700438324015, 6.209791580116419], [-75.5476664620979, 6.209643522740513], [-75.54766616570983, 6.209506188389588], [-75.54732153840934, 6.209350989924322], [-75.54756631560315, 6.209355553097979], [-75.54774322783186, 6.209199773140615], [-75.54748577802027, 6.208973996064165], [-75.54745058882003, 6.20863524981182], [-75.54768873695477, 6.208663240580155], [-75.54769798004722, 6.208442511496001], [-75.54789339762952, 6.208298353415763], [-75.5475279130153, 6.208315465185726], [-75.5475059596658, 6.208225804733242], [-75.54726375735895, 6.2082361946239955], [-75.54718921896162, 6.208138746174845], [-75.54712533183212, 6.207452615033303], [-75.54760049777016, 6.207363707594163], [-75.54767889268112, 6.2064156723395865], [-75.5481731017207, 6.206623506985146], [-75.54865401241545, 6.204591749814306], [-75.54953197533793, 6.205270478817537], [-75.55074523176395, 6.203616463150604], [-75.55080331686113, 6.2026665133111845], [-75.55056450709401, 6.202404280388797], [-75.5506403483283, 6.201990205269875], [-75.55081338816292, 6.201727872787515], [-75.55111076217999, 6.200791671161542], [-75.55093700879078, 6.2008803762057765], [-75.5508172162652, 6.200814516705248], [-75.55093938030718, 6.199321969426624], [-75.55122673167233, 6.199341409162932], [-75.55155127654446, 6.1995358246555705], [-75.5519976368221, 6.199491294808838], [-75.55199959402619, 6.199408171003578], [-75.5519109704866, 6.198674705921141], [-75.55150054610091, 6.197930125512597], [-75.55161725172658, 6.19793921581216], [-75.5514914486847, 6.196787612367969], [-75.55074560842914, 6.1956626862976], [-75.55125263101209, 6.195893206439079], [-75.55158030678707, 6.1962302149791855], [-75.5526011961126, 6.196681140330446], [-75.55319278781442, 6.195404462188338], [-75.55330214501433, 6.19488179178184], [-75.55344247959297, 6.194693912115562], [-75.5535716634231, 6.194723951735195], [-75.55371910665389, 6.19437788561381], [-75.55352700702322, 6.194286641891022], [-75.55370057528856, 6.193796223708663], [-75.55409214350686, 6.194074207682934], [-75.55413233769802, 6.19399556951581], [-75.55376665695921, 6.193737069092653], [-75.55392879339888, 6.193283277042371], [-75.55435556966073, 6.19335924300742], [-75.55461304313502, 6.193645475104037], [-75.55491608525479, 6.193514472518384], [-75.55544210166298, 6.191898400974297], [-75.55483549438398, 6.1916902031743115], [-75.55433715478912, 6.191098036524608], [-75.55403124181034, 6.19020886580444], [-75.55386761600393, 6.1888459607671], [-75.55354854841812, 6.188440047075573], [-75.55289589056784, 6.188377753213966], [-75.55293333805011, 6.187883648021775], [-75.55304514578806, 6.187556751961319], [-75.5533788003389, 6.187041773043058], [-75.55354903945855, 6.187008495910255], [-75.55395410612826, 6.1870399837302825], [-75.55484318727062, 6.187354793441522], [-75.55514900680132, 6.18642782351916], [-75.5553662136935, 6.186495618294906], [-75.55547297953393, 6.1860257935508445], [-75.5555464966944, 6.186169421705269], [-75.55592457778727, 6.185443147810754], [-75.55642745081887, 6.185362302384187], [-75.55679233013473, 6.185635741573353]], [[-75.4881261602065, 6.199222497318834], [-75.48812518984778, 6.1992240271744565], [-75.48812514861693, 6.1992239044038655], [-75.48812514300982, 6.199223864647655], [-75.4881261602065, 6.199222497318834]], [[-75.4881259061776, 6.1992241974071165], [-75.48812522014421, 6.19922413010516], [-75.48812520913349, 6.19922409399093], [-75.4881259061776, 6.1992241974071165]]]}, "properties": {"OBJECTID": 15, "comuna": "90", "sector": 9, "nombre": "SANTA ELENA", "fecha_sincronizacion": 1774145701000, "Shape_Length": 71587.64127056157, "Shape_Area": 74657044.66411956}}, {"type": "Feature", "id": 16, "geometry": {"type": "Polygon", "coordinates": [[[-75.56606500310222, 6.234285295235787], [-75.56675184513843, 6.23402396467229], [-75.56717732637503, 6.234084157642558], [-75.56755855705471, 6.2338130764322175], [-75.56670984821197, 6.232920686456538], [-75.56567074788902, 6.2313506045536755], [-75.56572432540467, 6.230930911652903], [-75.566311451755, 6.230116919340823], [-75.56643826932762, 6.2298164790800294], [-75.56655274663368, 6.228400522666604], [-75.56638640832257, 6.228116339939097], [-75.56568436515063, 6.227493414223695], [-75.56535468684277, 6.227088506827688], [-75.56478317167365, 6.22616551127612], [-75.56487235420549, 6.225818268508161], [-75.56530077918046, 6.225110067358217], [-75.56506665727935, 6.223770900530003], [-75.56545271062173, 6.221267913674847], [-75.56558142498368, 6.220976219340961], [-75.56618614440315, 6.2205158801153315], [-75.56636100096233, 6.220176326650866], [-75.5660460822847, 6.219162347087764], [-75.56598779737324, 6.218385169292562], [-75.56562337330548, 6.218106148368025], [-75.56487252313337, 6.218108421404432], [-75.56460279718873, 6.217992135273356], [-75.56442541420783, 6.217718510197797], [-75.56434280790161, 6.216813276416679], [-75.5634996259279, 6.215862436944888], [-75.56320561092454, 6.215675453946865], [-75.55795784225398, 6.214532872402565], [-75.55752385147196, 6.214717525049469], [-75.55739021859821, 6.215066324673422], [-75.55740965466467, 6.21526239157986], [-75.55791386089649, 6.216292799393633], [-75.55772934432186, 6.216461971953275], [-75.55753733157135, 6.216517814683583], [-75.55725314146886, 6.21698804792936], [-75.55677125486784, 6.217313105457288], [-75.55674803016342, 6.217518905416406], [-75.55666220939612, 6.217597237116567], [-75.55660193382859, 6.217531558356102], [-75.55643776551226, 6.217708996166986], [-75.55637404040897, 6.218046364444613], [-75.55601535864585, 6.2184068404863035], [-75.55549768183748, 6.218572899167763], [-75.556181186544, 6.2191143663821755], [-75.5570994335874, 6.219308671698683], [-75.55771231974857, 6.219704830825881], [-75.5589840594662, 6.220734816970081], [-75.55925111245095, 6.221102085112659], [-75.56032950769509, 6.221887484747746], [-75.56065357583992, 6.222434422246594], [-75.56069817696958, 6.222686421314138], [-75.56056469668628, 6.222947390432469], [-75.56026130267107, 6.223140482252381], [-75.55972250387306, 6.222991002567055], [-75.55961331431746, 6.223050395261305], [-75.55923630559805, 6.224500647559292], [-75.55935322761215, 6.225911179631794], [-75.55927363353292, 6.226465737019422], [-75.55931632369867, 6.226716661558459], [-75.55921860474623, 6.2269388994553], [-75.55756649502047, 6.226460499948515], [-75.557148598124, 6.226836106564194], [-75.55674809541374, 6.227007649118167], [-75.55663882212211, 6.227427241361077], [-75.55707148359458, 6.2277734181038085], [-75.55727315528982, 6.228146193708284], [-75.55723933692161, 6.228356588210023], [-75.55715722975374, 6.228363374714752], [-75.55695948758726, 6.228001339721823], [-75.55634190625288, 6.227763540592939], [-75.55606181960678, 6.227480048221134], [-75.55603536677322, 6.2272435386949345], [-75.55593846098499, 6.227112305991834], [-75.5554626571595, 6.226734922865122], [-75.5550324765271, 6.2268212120071444], [-75.55503578313845, 6.2274891448847844], [-75.55494703192052, 6.227745644582231], [-75.55433739089979, 6.227372307183279], [-75.55328087398556, 6.226960025112045], [-75.55290254229648, 6.226907070279219], [-75.55247604422802, 6.227016103262037], [-75.55210461252231, 6.226630938418542], [-75.5517137152213, 6.226500085157885], [-75.55122508573783, 6.228191480825452], [-75.55095314205892, 6.228667905241073], [-75.55097769720804, 6.229055265953898], [-75.55026523379327, 6.229201280487003], [-75.5499716787689, 6.229762391261384], [-75.5499176852977, 6.230244472891426], [-75.54953549712513, 6.230634527111086], [-75.5490501594181, 6.2308530385914125], [-75.54889457013282, 6.231009550334228], [-75.54875893113582, 6.231003661326172], [-75.54886347947138, 6.230504151506125], [-75.54868591354064, 6.2300076953266865], [-75.5487058068975, 6.229648531458009], [-75.54884393392021, 6.2293544414559285], [-75.54870688488236, 6.229223290600487], [-75.54862401541243, 6.228884903418105], [-75.54910139906856, 6.22755340427549], [-75.54886545063559, 6.22754590670728], [-75.54878656856383, 6.227188387388538], [-75.54878726491413, 6.226476597231453], [-75.54893205201057, 6.226449156917957], [-75.54891681211004, 6.226392890255775], [-75.54856629709249, 6.226190795353016], [-75.54840577182273, 6.226403657080431], [-75.54803126082051, 6.226468625213018], [-75.54799910168872, 6.226282663770998], [-75.54788881531614, 6.226243164369014], [-75.54806691375553, 6.225906067688541], [-75.54709576489613, 6.225384740035275], [-75.54668206396009, 6.225374344384187], [-75.54666363111711, 6.225908442043849], [-75.5464879293572, 6.226227731481469], [-75.54642170212686, 6.22609701332955], [-75.54631764675484, 6.226155145232515], [-75.54605603412868, 6.225853701504218], [-75.54467953554301, 6.225129227165899], [-75.54456601795818, 6.225464615172951], [-75.54465779262031, 6.225611095766116], [-75.54454489735872, 6.225662241446742], [-75.5442476368114, 6.225333134301341], [-75.54417699677903, 6.225017384592913], [-75.54381318686393, 6.224544371470541], [-75.54356410230756, 6.2248754087167235], [-75.54355081735058, 6.225039715219634], [-75.54255327849215, 6.225043691088468], [-75.54249936791607, 6.224895822229845], [-75.54183024246045, 6.224907551767695], [-75.54162244747629, 6.225047681894716], [-75.54139660184838, 6.224948229770401], [-75.54145059224626, 6.225244050922666], [-75.54129617896349, 6.225498258758047], [-75.5409037788672, 6.22512318725643], [-75.54008668008994, 6.224730207804276], [-75.53999634073192, 6.225083772780082], [-75.53983824774606, 6.225137996674355], [-75.53961784508829, 6.225412173762594], [-75.54037100617617, 6.225962386487936], [-75.54042087160134, 6.226105916509122], [-75.54033365715779, 6.227004598315966], [-75.54023929359214, 6.227034332428468], [-75.54023744604235, 6.227161342900071], [-75.54012137579987, 6.227281244704778], [-75.53964401437374, 6.227378169551826], [-75.53966814153057, 6.2276363945721185], [-75.53911038102554, 6.227791903987356], [-75.53862985583262, 6.227371557575546], [-75.53783974654647, 6.227362146067913], [-75.53673407249678, 6.227692363813931], [-75.53650953622117, 6.227693121816753], [-75.53656088619496, 6.227792400741096], [-75.53623838853034, 6.227860435732273], [-75.53625084191768, 6.227948493620091], [-75.53599020648167, 6.2281230956428], [-75.53588666806428, 6.22799394605967], [-75.53390301241073, 6.2285626355727715], [-75.53387615556369, 6.228464077559566], [-75.53370692541328, 6.228499536390116], [-75.53361006916803, 6.228294269910364], [-75.53301614562461, 6.228004376859166], [-75.53234539189626, 6.228065602454041], [-75.53225551414077, 6.227886996052096], [-75.53230016496211, 6.227211686819005], [-75.53213161022464, 6.2270500937901225], [-75.53161650452572, 6.227270399956922], [-75.53102678454454, 6.227303879614213], [-75.53078095754005, 6.22771879931113], [-75.53025059048596, 6.228025645104586], [-75.53004683873543, 6.227955790231272], [-75.5293747155644, 6.227268229367118], [-75.5292003228102, 6.227359425153479], [-75.52895897648607, 6.2278429150745644], [-75.52865370578431, 6.227933920092012], [-75.52843357299221, 6.227876853156284], [-75.52818751062505, 6.2274783272837455], [-75.5279004222782, 6.227389448492986], [-75.52808489058137, 6.227805401119456], [-75.52807052500003, 6.228139796647412], [-75.52788882074111, 6.228479402809299], [-75.52788073352255, 6.228689057473044], [-75.52806710363882, 6.229283550170893], [-75.528287397429, 6.229368819403468], [-75.52817559638653, 6.229645873512161], [-75.52808409754242, 6.229446886703677], [-75.52796913567649, 6.229519489965683], [-75.5279477578176, 6.229451391009643], [-75.52793960851113, 6.229592370755896], [-75.52759274894309, 6.229636435051299], [-75.52758705506298, 6.2298623181057025], [-75.52746656269761, 6.229867319574541], [-75.52734854664831, 6.229680335287595], [-75.52699964757788, 6.229592983207325], [-75.52704148559475, 6.2294491087652855], [-75.52682894121097, 6.2295349710042744], [-75.52626501505401, 6.229501791221535], [-75.52618339367548, 6.229581751329561], [-75.5262966449433, 6.229713320839141], [-75.52676001085118, 6.22974138589404], [-75.52675834245818, 6.2298658733493575], [-75.52697147424811, 6.230018256019401], [-75.52716386658581, 6.230423701156084], [-75.52742881885517, 6.23051104848843], [-75.52771526159803, 6.230432030202689], [-75.52813381713335, 6.230510843523517], [-75.5283462761987, 6.230772614515954], [-75.52950661692259, 6.230252168421669], [-75.53085490624183, 6.230102408672903], [-75.53166870648226, 6.229924531211833], [-75.53246884733355, 6.230695869174484], [-75.53298189921318, 6.230796338122552], [-75.53360575110452, 6.231129101264446], [-75.5340687126089, 6.2319245373007055], [-75.53442264359697, 6.232134834583266], [-75.53482322021878, 6.232240337120281], [-75.53530315955906, 6.232100139307384], [-75.53570713409353, 6.231760503443503], [-75.53597484815849, 6.231660052132795], [-75.53708868646413, 6.2321552524077815], [-75.53735877509386, 6.2323825023761215], [-75.53827192314404, 6.232670642236836], [-75.53870449691986, 6.232363435805195], [-75.5389506970721, 6.232303648845361], [-75.53938925996277, 6.2331251484355255], [-75.53980517175185, 6.23365118471029], [-75.54009793151884, 6.234310560317029], [-75.54057357428638, 6.234805719401537], [-75.54096557962005, 6.2348105211467795], [-75.54122850028513, 6.235025809423967], [-75.54165275487956, 6.235888098534776], [-75.54216139435415, 6.236500549715361], [-75.54243353262018, 6.236710749223753], [-75.54312574851504, 6.236980862635523], [-75.54406527082925, 6.237222734701226], [-75.54446914632939, 6.237756793724228], [-75.54466486461409, 6.2383047796225295], [-75.5449374079258, 6.238612769831323], [-75.54502593062749, 6.239042502451634], [-75.5449205837589, 6.239299783115601], [-75.54493017250452, 6.239542742234041], [-75.54501146974621, 6.239760842482125], [-75.54522375953752, 6.239993640323407], [-75.54551735853295, 6.240150728064119], [-75.5463496169025, 6.240195964968635], [-75.5469622297876, 6.2403903570011545], [-75.547229386497, 6.240623982957945], [-75.54788586815609, 6.241765669669253], [-75.54821412261839, 6.241951745727131], [-75.54863879374379, 6.24199540443269], [-75.54880636501419, 6.242087293558742], [-75.54916216207509, 6.242392820579685], [-75.54917363286194, 6.242608748660307], [-75.54937793256214, 6.242691451040678], [-75.55018136621382, 6.242751199562699], [-75.55092301793539, 6.24262119809032], [-75.55260673790735, 6.242825787448864], [-75.55365016810491, 6.243077816035066], [-75.55380487362359, 6.2431863033589625], [-75.55408716914258, 6.24392648600489], [-75.55502555770488, 6.245066719264196], [-75.55560974380386, 6.245562239034788], [-75.55592146520499, 6.2460321397482375], [-75.55629547909984, 6.2450368272130055], [-75.5564831196553, 6.245349770195946], [-75.55756579904532, 6.2443310413467765], [-75.55780866073609, 6.244470827778799], [-75.55823111159468, 6.243645608952302], [-75.55974937302604, 6.242500129548355], [-75.56027483038345, 6.241970628585997], [-75.5607188823103, 6.241963466536681], [-75.56102684885066, 6.242235962800342], [-75.56130438364248, 6.242353554171402], [-75.56168756275461, 6.242410984145943], [-75.56210744045991, 6.242329336005251], [-75.56307836537498, 6.241700304886079], [-75.56405230581242, 6.2406078622128645], [-75.56410964527181, 6.240536536351262], [-75.56367962922806, 6.24003710999541], [-75.56287425037091, 6.238609275679803], [-75.56278262142592, 6.2376475866786025], [-75.56300129113333, 6.2368427925038965], [-75.56390986219094, 6.235564219881132], [-75.56414692824009, 6.234766449218653], [-75.5648054435257, 6.2339587871068805], [-75.56528555169285, 6.234184184163619], [-75.56530212652248, 6.234074179992534], [-75.56606500310222, 6.234285295235787]]]}, "properties": {"OBJECTID": 16, "comuna": "09", "sector": 3, "nombre": "BUENOS AIRES", "fecha_sincronizacion": 1774145701000, "Shape_Length": 18774.062870737034, "Shape_Area": 5977185.937114324}}, {"type": "Feature", "id": 17, "geometry": {"type": "Polygon", "coordinates": [[[-75.58028583953684, 6.247963485479312], [-75.58013070365584, 6.247259746480144], [-75.57580542920574, 6.234761510801087], [-75.5756656652907, 6.234025451269219], [-75.57561886467663, 6.231343743543411], [-75.5739937990329, 6.230850329741531], [-75.57369449096342, 6.23069140477497], [-75.56940566252447, 6.227563406825342], [-75.56916647211753, 6.226489257146712], [-75.56852304211316, 6.226494150646374], [-75.56830088826273, 6.225732269969745], [-75.56684302448748, 6.225428271441419], [-75.56677459898181, 6.225343866296601], [-75.56673558864367, 6.224844709511133], [-75.56660740826106, 6.224674607465576], [-75.5657739176192, 6.224509328410696], [-75.56525218297745, 6.224656875481279], [-75.56530077918046, 6.225110067358217], [-75.56487235420549, 6.225818268508161], [-75.56478317167365, 6.22616551127612], [-75.56535468684277, 6.227088506827688], [-75.56568436515063, 6.227493414223695], [-75.56638640832257, 6.228116339939097], [-75.56655274663368, 6.228400522666604], [-75.56643826932762, 6.2298164790800294], [-75.566311451755, 6.230116919340823], [-75.56572432540467, 6.230930911652903], [-75.56567074788902, 6.2313506045536755], [-75.56670984821197, 6.232920686456538], [-75.56755855705471, 6.2338130764322175], [-75.56717732637503, 6.234084157642558], [-75.56675184513843, 6.23402396467229], [-75.56606500310222, 6.234285295235787], [-75.56530212652248, 6.234074179992534], [-75.56528555169285, 6.234184184163619], [-75.5648142820078, 6.233958781152096], [-75.56458484410203, 6.234192847145231], [-75.56404156367341, 6.234947763085179], [-75.56387034617484, 6.235633451681618], [-75.56305437673576, 6.236710974580032], [-75.56278262142592, 6.2376475866786025], [-75.56280467224201, 6.238296721016594], [-75.56302331725036, 6.238963431388697], [-75.56305657635362, 6.2390115265236625], [-75.56315913056252, 6.23894517831355], [-75.56305657603033, 6.239011645865933], [-75.56367962890498, 6.240037229337617], [-75.56410964494889, 6.240536655693409], [-75.56307836537498, 6.241700304886079], [-75.56210744045991, 6.242329336005251], [-75.56168756275461, 6.242410984145943], [-75.56130438364248, 6.242353554171402], [-75.56102684885066, 6.242235962800342], [-75.5607188823103, 6.241963466536681], [-75.56027483038345, 6.241970628585997], [-75.55974937302604, 6.242500129548355], [-75.55823111159468, 6.243645608952302], [-75.55780866073609, 6.244470827778799], [-75.55756579904532, 6.2443310413467765], [-75.5564831196553, 6.245349770195946], [-75.55629547909984, 6.2450368272130055], [-75.55592146520499, 6.2460321397482375], [-75.55575658474335, 6.245818369804843], [-75.55425940286212, 6.248264577361802], [-75.55385034908673, 6.2495254042724095], [-75.55473844354772, 6.249677057818267], [-75.5546906395751, 6.249889745958734], [-75.55484706981126, 6.250264559378677], [-75.5547695663663, 6.250544620006694], [-75.55510915191054, 6.250751196314351], [-75.55496726332076, 6.250957990591407], [-75.55497805201742, 6.251331459567015], [-75.55475438622241, 6.25165732388746], [-75.55643179535929, 6.252923612743783], [-75.55647701193034, 6.252857486492927], [-75.56073364628183, 6.255829589201795], [-75.55721792306001, 6.261163390926146], [-75.55708414339566, 6.261467638782113], [-75.55697901816258, 6.261551133062358], [-75.55627393995307, 6.261398995997679], [-75.55720701297773, 6.262219587205561], [-75.55800601395055, 6.262343184034628], [-75.55825712361931, 6.2622867813790455], [-75.55765507148288, 6.2631181073095075], [-75.56325282627469, 6.264082751456393], [-75.56404420155354, 6.2639203045041105], [-75.56425336583845, 6.263942391381343], [-75.57175628270454, 6.265122788181365], [-75.5717898133556, 6.265026462947197], [-75.57212697013762, 6.265093688081219], [-75.57259134909614, 6.263442167095387], [-75.57365791770025, 6.260762893358411], [-75.57999099280084, 6.249121986733646], [-75.58017487060758, 6.248709788297115], [-75.58028583953684, 6.247963485479312]]]}, "properties": {"OBJECTID": 17, "comuna": "10", "sector": 3, "nombre": "LA CANDELARIA", "fecha_sincronizacion": 1774145701000, "Shape_Length": 13768.859800370334, "Shape_Area": 7358895.875676096}}, {"type": "Feature", "id": 18, "geometry": {"type": "MultiPolygon", "coordinates": [[[[-75.60678313479626, 6.2743368083905615], [-75.60712572539158, 6.274642041469914], [-75.6073751192854, 6.274390451403101], [-75.60768485317232, 6.274572284637524], [-75.60780629151331, 6.274517505528587], [-75.60787909324253, 6.274419584448953], [-75.60773227925375, 6.274243136346566], [-75.6087194684223, 6.272367647179568], [-75.60952711303884, 6.272429056940891], [-75.6103673747667, 6.272646653133569], [-75.61118727672422, 6.272391838662256], [-75.61178842703937, 6.271853593410395], [-75.61238122895078, 6.271535409082097], [-75.61285211124802, 6.271153848556679], [-75.6137329137873, 6.270939760328014], [-75.61378041640126, 6.270235558090254], [-75.61361523740604, 6.2692527630444035], [-75.61323656661007, 6.268499706218472], [-75.61229382485412, 6.2675541823944645], [-75.61198926533562, 6.267360544203658], [-75.61182847718531, 6.267074386438556], [-75.61143697213346, 6.266674197854006], [-75.61107649356838, 6.265765884394056], [-75.61024951821862, 6.2650685855504245], [-75.60911737720473, 6.264831956847634], [-75.6079549579424, 6.265097320072821], [-75.60756358968783, 6.267000506799365], [-75.60684985603697, 6.266868289895774], [-75.60654497130358, 6.268340484909667], [-75.60582534006464, 6.268227177091453], [-75.60599644447566, 6.268535236395645], [-75.60594726929129, 6.268680546380198], [-75.60576019009105, 6.268691193577542], [-75.60536499324353, 6.269167408939936], [-75.60507977302956, 6.269279001952375], [-75.60470905724117, 6.2691034201004125], [-75.60461420601547, 6.268948669714358], [-75.60457694386217, 6.26854670086132], [-75.60445573919196, 6.268412557568197], [-75.60346569028322, 6.268530665371499], [-75.6025270431894, 6.269135993220218], [-75.60234085511209, 6.269333729926761], [-75.60183056829283, 6.270304767154619], [-75.60201617052697, 6.270587348489023], [-75.60198393235898, 6.27117877283872], [-75.60257700276806, 6.271247366325027], [-75.60302384401918, 6.271748033529506], [-75.60293612316303, 6.2719962101889735], [-75.60237343301007, 6.27240282091244], [-75.60264470861362, 6.272469815868781], [-75.60339603175282, 6.272274821636966], [-75.60416973617318, 6.272458794022693], [-75.60459175135243, 6.2722112242000385], [-75.60538299740446, 6.272106742074627], [-75.60547211792392, 6.272367128021119], [-75.60517674235216, 6.272900885195536], [-75.6051756940712, 6.273242517929174], [-75.60594213464852, 6.273393050865583], [-75.60592799900999, 6.27350275269879], [-75.60639059932086, 6.273920175132714], [-75.60620649955983, 6.274176284707567], [-75.60639594065069, 6.274348471944857], [-75.60657280291021, 6.274141706951531], [-75.60678313479626, 6.2743368083905615]]], [[[-75.6523614575675, 6.333454790936919], [-75.65256792578786, 6.333542986524046], [-75.65325745610274, 6.333521732088433], [-75.65329168327696, 6.33287185144398], [-75.65358275180556, 6.332436921101333], [-75.65388109134494, 6.332224888207613], [-75.65513378769215, 6.3322638297053375], [-75.6550208270455, 6.332119251480226], [-75.6551067270189, 6.331157670240313], [-75.65504148978201, 6.330322109145962], [-75.65526418171363, 6.3292488641584095], [-75.6558553592645, 6.328620922057642], [-75.6569524100991, 6.328668299783833], [-75.65728011911567, 6.328378777424917], [-75.65850173919823, 6.3276739845844], [-75.65938564253335, 6.3269247007119125], [-75.65964740466039, 6.326548379260244], [-75.65985382160692, 6.325786742784173], [-75.66060508801685, 6.3253442680922705], [-75.66075418576173, 6.325123721404092], [-75.66126377864848, 6.325066393701717], [-75.66174947952628, 6.324378170980138], [-75.66287937559179, 6.323825741676272], [-75.66321503198202, 6.323292241234301], [-75.66348476059844, 6.323055268364721], [-75.66383643564346, 6.322954877270742], [-75.66430607065338, 6.32311209524447], [-75.66479766184224, 6.323141991509744], [-75.6654688121763, 6.323323123813994], [-75.66613331604877, 6.323258693767152], [-75.66640224010163, 6.323006338534033], [-75.66691903599504, 6.322711890044151], [-75.66753607177972, 6.322585621360791], [-75.66797112431264, 6.322348086782581], [-75.66832969449153, 6.322031402771037], [-75.66905216794495, 6.321729490114681], [-75.669170805158, 6.321600848209249], [-75.66918397087555, 6.321457382402392], [-75.66945027767635, 6.32132870344532], [-75.6700001688333, 6.320759312351667], [-75.670318444476, 6.320059331437569], [-75.67037334151499, 6.318982805060319], [-75.67025440969282, 6.318701656048819], [-75.67018711021433, 6.318153856552438], [-75.66991397345524, 6.317714945172448], [-75.66970662216546, 6.3169351085286305], [-75.66956553179263, 6.316781554749509], [-75.66944701269449, 6.316263595292536], [-75.66899795056122, 6.315286366134333], [-75.66875661996656, 6.31418793250416], [-75.66857779873015, 6.313771211673815], [-75.6686543295989, 6.313416710217621], [-75.66844734203453, 6.31302103818028], [-75.66819550099427, 6.312024522137474], [-75.66860425302514, 6.311283313659117], [-75.66910439770712, 6.310818253079861], [-75.66939645539571, 6.3103779745244255], [-75.6700967111177, 6.30963174128866], [-75.67030221338239, 6.309467758851777], [-75.670598143648, 6.309374886422901], [-75.67084981591071, 6.308835635198927], [-75.67108387454506, 6.308557147954096], [-75.67141955468337, 6.308455429935149], [-75.67172911254367, 6.3076784552718355], [-75.6717953811317, 6.30622326386668], [-75.67172690840418, 6.305851710399215], [-75.67195329590653, 6.3047916838079265], [-75.67185212590306, 6.304350614499364], [-75.67164988906485, 6.303946655161196], [-75.67150367346898, 6.302177868743291], [-75.67130269445185, 6.3019197493463395], [-75.67143091363583, 6.301767455048583], [-75.67124559115203, 6.300863998950544], [-75.67127288001663, 6.300764889965007], [-75.67141672078459, 6.3006966834217275], [-75.67144017626117, 6.30047508701434], [-75.67126806909815, 6.300302175853743], [-75.67114953594816, 6.299905766395773], [-75.6709185184757, 6.2996208731732635], [-75.67099259353088, 6.299350722088495], [-75.6711447640894, 6.299258816757408], [-75.67131004374015, 6.2984445085951934], [-75.67123745500106, 6.29838632711813], [-75.67136710613492, 6.297976058899002], [-75.67128026021317, 6.297370625370021], [-75.67141267039679, 6.295985146415303], [-75.67136866283684, 6.29524491227877], [-75.67151696990452, 6.294749419295538], [-75.67163800038277, 6.294598791514681], [-75.67165841297117, 6.294245065981575], [-75.6715467833643, 6.293912742745916], [-75.67158626778776, 6.29362828939321], [-75.67142357296882, 6.293141881694189], [-75.67155097451835, 6.2929357265172765], [-75.67177507095184, 6.292803767329323], [-75.67183508440567, 6.292541954057643], [-75.67179305117658, 6.2920630252900525], [-75.67206990940494, 6.291548375008139], [-75.67227010190298, 6.291390451000933], [-75.67266574744797, 6.290107239262927], [-75.67318122193306, 6.289120993619198], [-75.67383383507536, 6.288409591464927], [-75.67468179424323, 6.287830201544446], [-75.67513373949295, 6.287121628159158], [-75.67592168936714, 6.286656200358823], [-75.67616213214983, 6.286136583399196], [-75.67665281010824, 6.285876016716878], [-75.67704562268943, 6.285446362552396], [-75.67708288306852, 6.285078267769993], [-75.67734239675183, 6.2847116291365], [-75.67743049709188, 6.284416181847172], [-75.67769703369389, 6.284191138226078], [-75.67802899797604, 6.283665054663073], [-75.67912138397435, 6.2826778326166695], [-75.67948535173478, 6.28263570731879], [-75.68022580445003, 6.2823311013370375], [-75.68073503804743, 6.282404991908938], [-75.68159873530008, 6.282222520875054], [-75.68188121682056, 6.281855952125183], [-75.68290311552975, 6.280874467039191], [-75.68361710684209, 6.2804366723232645], [-75.68320488503784, 6.280379339511992], [-75.68333751203942, 6.279995877891862], [-75.68390665601216, 6.2800737184887545], [-75.68351333005, 6.279741104713522], [-75.6833556382079, 6.279090224784154], [-75.68290097319517, 6.278665428176646], [-75.68245188509766, 6.277894822791383], [-75.68194975125138, 6.277335551330141], [-75.6814475686975, 6.276459872539125], [-75.68107931606238, 6.276106246682517], [-75.68035220478416, 6.274407927662241], [-75.6802277984128, 6.273599966374011], [-75.68006507192756, 6.273140064027862], [-75.67961994004588, 6.272364944564421], [-75.67864457585694, 6.2715662004181345], [-75.67814238370622, 6.270629485533372], [-75.67775016023377, 6.270203532172013], [-75.67747282098381, 6.270002663837255], [-75.6765213773907, 6.269739749948939], [-75.67613883495893, 6.2694336617975805], [-75.67604796053345, 6.2692423255370535], [-75.67605741865468, 6.268749578031201], [-75.67589961037896, 6.268391317131047], [-75.67545966487945, 6.268184588482513], [-75.67510584128401, 6.267850399128095], [-75.67469451155613, 6.267027646030868], [-75.67478044521773, 6.266447581175119], [-75.67471558057596, 6.265393215230983], [-75.67414390590453, 6.264521705812643], [-75.67325193924141, 6.263729122146646], [-75.67333239482213, 6.262760630456975], [-75.67325157508614, 6.261962807560477], [-75.67309714232991, 6.261771450122306], [-75.67263850681852, 6.261467165799626], [-75.67244481314691, 6.260858449269732], [-75.67132707872945, 6.260328319561854], [-75.67003191591589, 6.258974875380547], [-75.66992984637561, 6.2584356006849875], [-75.67003895430508, 6.257757817156244], [-75.67000975486559, 6.2574152996118215], [-75.66953606258248, 6.255899537629318], [-75.66939327178395, 6.256050091430304], [-75.668491791199, 6.2557606970370685], [-75.66762753126591, 6.255261759119538], [-75.66730081059501, 6.25521782805475], [-75.66689861015355, 6.254689227826332], [-75.66676086059442, 6.253925335887749], [-75.66665537039968, 6.25377498470542], [-75.66647509442758, 6.253654925439868], [-75.66629503822101, 6.253654299029826], [-75.6659930104703, 6.253440309413237], [-75.66548594379952, 6.2533184268007265], [-75.66485777758083, 6.252855776866173], [-75.66416404191943, 6.2537516743583685], [-75.66381272155668, 6.254428871984486], [-75.6632988997665, 6.255063552260123], [-75.66304205959571, 6.255797433355162], [-75.66290623964797, 6.257041814924632], [-75.66275135943508, 6.257321918122049], [-75.6621430182533, 6.257775809513041], [-75.66157242757595, 6.257758202433301], [-75.66120579282985, 6.257655451025729], [-75.66051428166236, 6.257868290109817], [-75.66024222891167, 6.258088139759922], [-75.65987568962231, 6.258237106096541], [-75.65938072287663, 6.258733518857743], [-75.65924095449257, 6.2589923459698955], [-75.65890088922612, 6.259261835755177], [-75.65851924754381, 6.259410793179076], [-75.65797517679732, 6.26009510811319], [-75.65725727548379, 6.260758188225738], [-75.65703811361325, 6.260850399005702], [-75.65622560835172, 6.260882455844011], [-75.65571924120358, 6.260808098930115], [-75.65452116852646, 6.2603438759454155], [-75.65421501995539, 6.260078040263282], [-75.65405254772273, 6.260255326304209], [-75.65251079759436, 6.260659732406884], [-75.65186464037008, 6.260975367405173], [-75.65130904294566, 6.260766288974298], [-75.65070063166863, 6.260837294947596], [-75.65019800225184, 6.260713285596141], [-75.6500203649742, 6.26059278549866], [-75.64958192467704, 6.26014261630788], [-75.64946473243593, 6.259887384311697], [-75.64940802393596, 6.259713685525737], [-75.64947218405533, 6.25925634128103], [-75.64938116943847, 6.257203699657912], [-75.64944106300872, 6.256857800230696], [-75.64922385538291, 6.25639061798137], [-75.6485498409742, 6.255483850970987], [-75.64847129257365, 6.254796286921283], [-75.64802712642745, 6.25402540336177], [-75.64771442472782, 6.253678078822112], [-75.64771779691681, 6.253210141740638], [-75.64735500280524, 6.253147184314491], [-75.64675677299921, 6.253241022065684], [-75.64664258146529, 6.252809635915227], [-75.6461923272165, 6.252871133972095], [-75.64620407065583, 6.252615523367144], [-75.646104796721, 6.252529406691595], [-75.64582843968962, 6.252757473355566], [-75.64555415496334, 6.252746827410675], [-75.64514795751764, 6.252520063550956], [-75.64506024952829, 6.252117546443764], [-75.64459757977222, 6.25190274091434], [-75.64447210933086, 6.251946561993599], [-75.64435022598616, 6.252177589587938], [-75.6438732016704, 6.251943566992058], [-75.64365871190427, 6.252021275363956], [-75.64359260680541, 6.251723695440239], [-75.64341746557122, 6.2515393362609855], [-75.64313851440107, 6.251581842643482], [-75.64306500082331, 6.251380146044578], [-75.64188124277086, 6.250935156633381], [-75.64151956102411, 6.250721473287054], [-75.64121199095725, 6.250368924518914], [-75.64108024891135, 6.250335045018648], [-75.64083571908391, 6.250609746320524], [-75.64038526281712, 6.250599128126724], [-75.64012367437809, 6.250978194409302], [-75.63960704915615, 6.251180244991645], [-75.63948059785214, 6.2513150382395155], [-75.6394183797077, 6.251687006127211], [-75.63928242502364, 6.251814772102187], [-75.63873563812996, 6.251993939708825], [-75.63832861427372, 6.25189465775625], [-75.63796953375869, 6.252077133808352], [-75.63788141029045, 6.252444041048485], [-75.63757856493925, 6.252798310304338], [-75.63724257024019, 6.253475652296795], [-75.63625466310705, 6.253124124089044], [-75.63594913418389, 6.25348370689491], [-75.63539866705669, 6.253760768002692], [-75.63383926984432, 6.253820817526179], [-75.63336251591245, 6.253582188318911], [-75.63283211810932, 6.253570687074197], [-75.63242678753738, 6.254365716161548], [-75.6316856725068, 6.255000076727198], [-75.63159969537277, 6.255248865743603], [-75.63140789392983, 6.2553543176443815], [-75.63109701496587, 6.255275694474134], [-75.63067357025972, 6.255460544902204], [-75.6302480126565, 6.2554831687477845], [-75.63005120115179, 6.2552698443563415], [-75.6296774848905, 6.255093351607251], [-75.62969093787476, 6.2549722628148485], [-75.62904812774458, 6.25464328561193], [-75.62877431442597, 6.254855938091985], [-75.6286260636724, 6.255220010537301], [-75.62903903104787, 6.255515187424698], [-75.62930596740469, 6.256141720333828], [-75.62885846298008, 6.256198116394711], [-75.62877313400115, 6.256337064818008], [-75.62926894018649, 6.256250781313029], [-75.62963050547498, 6.256554500265513], [-75.62991440058067, 6.2568238878870295], [-75.63004529501602, 6.257204709984725], [-75.62982568043154, 6.257352012978345], [-75.63016723614443, 6.257609826122974], [-75.63037238028197, 6.257334738628434], [-75.63068858841257, 6.257248745843969], [-75.63094789453325, 6.2573580864549285], [-75.63098526533142, 6.257416848514533], [-75.63088601863949, 6.257549157941255], [-75.63093019002625, 6.257704365022846], [-75.6307693997075, 6.257841264488231], [-75.63092766129134, 6.257956155080698], [-75.63114411415201, 6.25832368570947], [-75.6314355010012, 6.25827557064219], [-75.63160918936656, 6.258453273637637], [-75.6311777027984, 6.25880606281987], [-75.63092154779852, 6.2588415995300855], [-75.63082217116096, 6.258766608766286], [-75.63115122917134, 6.259206510648338], [-75.63011549990809, 6.259906024372082], [-75.62991934948018, 6.259679226079501], [-75.62963732004951, 6.259768449711577], [-75.62951489808218, 6.259880519763474], [-75.62940451249558, 6.260184073085529], [-75.62870001408047, 6.25932905955696], [-75.62879606357535, 6.259251864403354], [-75.62835343562423, 6.258716433928635], [-75.62825256653147, 6.258355073184091], [-75.62803989657131, 6.258315385302124], [-75.62820641430794, 6.259091916969908], [-75.62862133932235, 6.259910929332375], [-75.62815649946587, 6.260281024302805], [-75.62864494042307, 6.260762914028966], [-75.62857954650589, 6.2609032418781645], [-75.62782786699981, 6.2610214067187675], [-75.62797666727705, 6.261365041189982], [-75.62866241766837, 6.261933548968299], [-75.62886130442892, 6.262537732016675], [-75.6287370139814, 6.263017761524432], [-75.62888497424476, 6.2632472369974534], [-75.62931433536001, 6.263440521071888], [-75.62894148780197, 6.263674447905566], [-75.6288512608083, 6.263942610013003], [-75.62825889298662, 6.264174066941653], [-75.6281642568251, 6.264187392321082], [-75.62825681579902, 6.263931815514092], [-75.62810291931524, 6.263821048734397], [-75.62838321534247, 6.263483386294958], [-75.62838703518845, 6.263354506616749], [-75.62821591185717, 6.262990673201121], [-75.62801743427666, 6.262782018544836], [-75.62799222672908, 6.262416196247365], [-75.62807992556607, 6.262290690585064], [-75.62775717384062, 6.262013595190993], [-75.62771749780758, 6.261545366640268], [-75.62729076130096, 6.261499116461602], [-75.62726995686995, 6.2609798481198915], [-75.6268809260097, 6.260553135862914], [-75.62668632285985, 6.2600720737353965], [-75.62615257148958, 6.259366671463271], [-75.62614866394965, 6.259020637310148], [-75.62588063012134, 6.258877610465693], [-75.62570933402453, 6.258877629431479], [-75.62504844406591, 6.258430366668202], [-75.62481024225728, 6.257846183118266], [-75.62458497109958, 6.257718620360033], [-75.62444069908076, 6.2575266012766875], [-75.62403111315531, 6.257320443638931], [-75.62314281631785, 6.257768880099074], [-75.62326645710097, 6.257906295825104], [-75.62326952510772, 6.25808945710073], [-75.62341809621799, 6.258223837998731], [-75.62253563410329, 6.258513241887146], [-75.62256066956945, 6.258581989434026], [-75.62234804825185, 6.258657552197182], [-75.62277044000533, 6.259513549587678], [-75.62313184595148, 6.259760332610874], [-75.62336174771694, 6.260099667015235], [-75.62331693522638, 6.260407101960509], [-75.6233801943997, 6.260597219098849], [-75.62330080859586, 6.260755979953336], [-75.62338503641763, 6.260882255565464], [-75.62318904140878, 6.26119402380202], [-75.62341599814356, 6.2617600495192285], [-75.62386350386949, 6.262164068399744], [-75.62424329735254, 6.262784135969649], [-75.62419273242483, 6.262804778058036], [-75.62333378995187, 6.262424047533813], [-75.62306362129561, 6.262093639928842], [-75.62292894659926, 6.26199017631496], [-75.62285036181655, 6.262062424334951], [-75.62267415925271, 6.2618771362355305], [-75.62275518031743, 6.26180607935801], [-75.62269887527023, 6.26173707779376], [-75.62257545049249, 6.261840233537538], [-75.62265675735124, 6.26204137500295], [-75.62152311161807, 6.263035362262964], [-75.6213301854783, 6.263177284931883], [-75.62099396378837, 6.2631977189819485], [-75.62084904675108, 6.263406262829442], [-75.62084594187515, 6.263219870324805], [-75.62069740919955, 6.263032859262648], [-75.6207200315321, 6.262889191303796], [-75.62011378846313, 6.262912630082156], [-75.6200049103769, 6.263037155262199], [-75.62002972740204, 6.263786415679935], [-75.62021964470203, 6.264089695055074], [-75.6195813422667, 6.264154619284988], [-75.61954191238162, 6.2642267438510055], [-75.61951252516079, 6.2639380583197], [-75.61937541688746, 6.26372660098723], [-75.61932011995941, 6.263676952483884], [-75.61917868315427, 6.263782991378501], [-75.61906861822465, 6.263724890419188], [-75.61895505321587, 6.263433813486702], [-75.61897425128615, 6.263239119476071], [-75.61850271971308, 6.262982277203063], [-75.61837843367186, 6.262985277159538], [-75.61813239630922, 6.263190005897352], [-75.61805288743334, 6.262962383328283], [-75.61789564815565, 6.2629140760656625], [-75.61788598725329, 6.262744585536535], [-75.61773293267059, 6.26260160973811], [-75.61745487436387, 6.262707189091858], [-75.61731583714841, 6.262605724394852], [-75.61735128276894, 6.262094605819661], [-75.61722008130599, 6.262009411124477], [-75.61731206665013, 6.261775451271354], [-75.61692059265268, 6.2617424859525315], [-75.61685546745566, 6.26160690288763], [-75.61669555118091, 6.261584441862276], [-75.61565107272335, 6.260155921782565], [-75.61552536298021, 6.260107335957888], [-75.61543453015213, 6.260191328280701], [-75.61524951878891, 6.2601712554572], [-75.6148828157744, 6.260489535423034], [-75.61483389145299, 6.260627356289636], [-75.61491294633913, 6.261245345227596], [-75.61440416355961, 6.261840373578195], [-75.61442739216177, 6.262010535642202], [-75.61421821261007, 6.262559248523877], [-75.61433208117445, 6.262921085083991], [-75.61448333311883, 6.263090592697826], [-75.61444651218343, 6.263395664021464], [-75.6147196856898, 6.264026856264917], [-75.61469123220257, 6.264952396962467], [-75.61494181508277, 6.26510471081217], [-75.61497286147817, 6.265475694870864], [-75.61538422241262, 6.265978851872123], [-75.61555992166598, 6.266075560309962], [-75.61558432683482, 6.2663162580937755], [-75.6159621473586, 6.267086916983122], [-75.61653376312552, 6.267784810961978], [-75.61656104962202, 6.268385386008401], [-75.61676384861578, 6.268841099794495], [-75.61665366766627, 6.269205087600025], [-75.61629638957228, 6.269519178541799], [-75.61634765175036, 6.269751880258263], [-75.61668307752693, 6.270323900371313], [-75.61708381408673, 6.270631145088116], [-75.61796876924056, 6.27040081215771], [-75.61856443819498, 6.270113955937969], [-75.6189818129218, 6.270161034948961], [-75.62001302849607, 6.270063822524092], [-75.6203282672914, 6.270099163046689], [-75.62074401062223, 6.270336627354204], [-75.62049541659071, 6.273609423868642], [-75.62078649114548, 6.2738784593763794], [-75.62086960253771, 6.274100155158235], [-75.62131275078241, 6.274256308957862], [-75.6217381751506, 6.275203050535128], [-75.62172027123852, 6.275662650121781], [-75.62161033745843, 6.275968063164252], [-75.62166049954884, 6.276358790930883], [-75.62156476127458, 6.27649550240388], [-75.62146417320571, 6.277574033084635], [-75.62064073130625, 6.276927981175957], [-75.62032902806372, 6.276546803888251], [-75.6201139277768, 6.276454114867201], [-75.6192932647229, 6.276348243260387], [-75.61890379940728, 6.276757514652671], [-75.61824532252615, 6.276930914753025], [-75.61736434013437, 6.276819150140683], [-75.61720643747897, 6.277031143865482], [-75.61719859460486, 6.277439647922295], [-75.61704755678373, 6.277564868483473], [-75.6164239471581, 6.277481944056281], [-75.6153792603952, 6.277813989797982], [-75.61475751249694, 6.277496533044451], [-75.6138661600911, 6.277554340071778], [-75.61312538773367, 6.277468196933054], [-75.61202042771137, 6.2778880138136195], [-75.61149726865025, 6.277819368726449], [-75.61125021622966, 6.277881078823709], [-75.6098964887796, 6.2785344930226055], [-75.60937819503386, 6.27894077830654], [-75.60906979922544, 6.2794465665145776], [-75.60915352913145, 6.279597013515337], [-75.60941282213562, 6.279629859419021], [-75.6096623418889, 6.280178943815471], [-75.60994263058404, 6.2802978724541285], [-75.61034171201632, 6.281018562909239], [-75.61030897191279, 6.28111811437582], [-75.61051313423377, 6.28163568154436], [-75.61051186353181, 6.281934795861368], [-75.61068757850997, 6.28214155723594], [-75.610771992937, 6.282500615128408], [-75.61005064405194, 6.2820906774540175], [-75.60960209493359, 6.2819286063394975], [-75.6095722130313, 6.282534368876657], [-75.60903974173026, 6.282719436068566], [-75.60905923849819, 6.283051903741911], [-75.60985627025472, 6.284075190159486], [-75.60987645730059, 6.2841730146904915], [-75.60967917207971, 6.284516224301189], [-75.60906086949724, 6.284469217560617], [-75.60813986937222, 6.284874047097977], [-75.6074324423586, 6.28414644640859], [-75.60686092506484, 6.283162413688823], [-75.60673023821788, 6.2831638210739325], [-75.6063311169413, 6.283532118007241], [-75.60596883091445, 6.282985641963159], [-75.60605434360939, 6.28365128744653], [-75.60569449742428, 6.284148674289362], [-75.60569797627049, 6.284876086810647], [-75.60581335219743, 6.285164722974812], [-75.60598953343178, 6.285355084165671], [-75.60651489125758, 6.28551606759968], [-75.60654437185848, 6.285695230937485], [-75.60639832356334, 6.285857146814831], [-75.60613459787852, 6.285672287923028], [-75.60570352744979, 6.285739971180603], [-75.60556548716875, 6.285647599441916], [-75.6052026298068, 6.285826621441337], [-75.60535771570441, 6.285931840961811], [-75.60397649211667, 6.286387256660079], [-75.60376103330469, 6.285919512976794], [-75.60320246169225, 6.285254774146698], [-75.60263577921049, 6.285100791207756], [-75.60209609611391, 6.284614880241159], [-75.60136619613205, 6.285286409873781], [-75.60151842351301, 6.285580421806933], [-75.60164080562565, 6.286500521837614], [-75.60176178995899, 6.286533259709251], [-75.60178163701126, 6.286807123308159], [-75.60191771479016, 6.28694869087209], [-75.60203874980446, 6.287562888575271], [-75.60221987486462, 6.287666864676398], [-75.60225265673951, 6.2880722914219245], [-75.6027987322004, 6.2883445766180115], [-75.60284829313215, 6.288699334247152], [-75.60312741730533, 6.288681069897538], [-75.60324156183475, 6.289356063216838], [-75.60350082501601, 6.289459404070191], [-75.60350446628102, 6.289612406430084], [-75.60382055891013, 6.289867499713661], [-75.60386226859966, 6.2902415047300275], [-75.60449683726497, 6.290769877040205], [-75.60478229667038, 6.2907862416595215], [-75.60491938708437, 6.290696875333664], [-75.60504421367477, 6.290808392950965], [-75.60146219409206, 6.292223562552246], [-75.60132870101687, 6.292063977102831], [-75.60118435995867, 6.290912117756204], [-75.60063350892833, 6.291184394027808], [-75.60037167520424, 6.290751719638669], [-75.6002138790759, 6.2906692062545275], [-75.5995385144602, 6.291103557391698], [-75.5993993825678, 6.290839153314349], [-75.59946051314822, 6.290661146036433], [-75.59938298876298, 6.290510174412044], [-75.59898826619114, 6.290206009167131], [-75.59885350171781, 6.290210844840926], [-75.59878696392546, 6.2899317686033855], [-75.59842278313143, 6.289559042361804], [-75.59762148795042, 6.290130770011098], [-75.59606292025, 6.290921483744787], [-75.59579214536052, 6.291272400987082], [-75.59571833504798, 6.291811448385488], [-75.59521928076845, 6.291667562522453], [-75.5951705080831, 6.291822105689958], [-75.59526873710502, 6.291855296857813], [-75.59519250786163, 6.292317049218145], [-75.59552267465592, 6.2923680918365985], [-75.59537153033362, 6.292837745725602], [-75.59599803041833, 6.295000490184486], [-75.59610121467816, 6.295144151920337], [-75.59496647336239, 6.295156618717485], [-75.59428150401979, 6.2949774847338835], [-75.59374766126122, 6.295161136429726], [-75.59312229530983, 6.295063682310924], [-75.59308151593143, 6.295352997797607], [-75.59284833432257, 6.295503767120358], [-75.59309114510755, 6.295724569481561], [-75.59283572320176, 6.295932975611718], [-75.59208362618607, 6.2953845053794515], [-75.59187602534317, 6.295037343928022], [-75.59144547260497, 6.2946873566477874], [-75.5913912094846, 6.294496245156766], [-75.5902837067135, 6.295352659934389], [-75.59019370951954, 6.29534890178869], [-75.58936589614702, 6.294423938577268], [-75.58842285717452, 6.293536024631438], [-75.5867450108594, 6.296208266356663], [-75.58611053090733, 6.296626932330556], [-75.58638791345847, 6.296809255255776], [-75.58629350945834, 6.296920158240345], [-75.58652621432405, 6.297623915403129], [-75.58641019968493, 6.297899494095678], [-75.58603772109275, 6.298114748569278], [-75.5860066477769, 6.298255397352059], [-75.5863657805659, 6.298491769082682], [-75.58666382326109, 6.298279724974251], [-75.58680997274087, 6.298357786083785], [-75.58691758528477, 6.298542450962108], [-75.58673560368707, 6.298784345484987], [-75.58665366600802, 6.298732563937162], [-75.58649518527226, 6.2991254160963885], [-75.58620273718591, 6.299399898079173], [-75.58627190662878, 6.299461848781931], [-75.58623631700847, 6.299568655909312], [-75.58599157658617, 6.300000441546038], [-75.58643095354209, 6.300436630158971], [-75.58649065118873, 6.300300707832514], [-75.58664181569151, 6.3003486001153775], [-75.58605207657756, 6.301524966787025], [-75.5859294557735, 6.3020711864752075], [-75.58560967205104, 6.3025204408823035], [-75.58531896179191, 6.302311476486895], [-75.58528662299585, 6.30236374618176], [-75.58506574529662, 6.302299592379289], [-75.5850064642407, 6.302451121638829], [-75.58520134740199, 6.302502307873163], [-75.58524293781433, 6.302434726917788], [-75.58532361044838, 6.302503320703559], [-75.58519237643905, 6.302588680168894], [-75.58461168171081, 6.302417048959071], [-75.58448799247248, 6.302782138315772], [-75.58426067789769, 6.302673349153677], [-75.58387305451322, 6.302983921891569], [-75.58377925708506, 6.303232369710526], [-75.58368545516949, 6.303179921607052], [-75.58376546708891, 6.303409041985094], [-75.58375731235861, 6.303773599375757], [-75.58395544651334, 6.303920440453969], [-75.58401660812328, 6.3043291538027635], [-75.58425451291771, 6.304562991406766], [-75.5845439099711, 6.305047350610384], [-75.5846993746992, 6.304972586882089], [-75.58479587906585, 6.3051565846566], [-75.58539379309121, 6.3053674645173805], [-75.58549813878463, 6.306319553807744], [-75.58532095645849, 6.307051342075471], [-75.58576846321672, 6.307023331962537], [-75.58591449027298, 6.307090867693405], [-75.58569995465403, 6.307232156193313], [-75.58603463603727, 6.307399005870653], [-75.58646203261459, 6.307212612717116], [-75.58650286354764, 6.307292507669998], [-75.58614410438834, 6.307460800372456], [-75.58638948673467, 6.30765196255972], [-75.58617547215442, 6.307658366552937], [-75.58622337544305, 6.307953972034922], [-75.58598714723361, 6.309440977084993], [-75.5869652369606, 6.30950448136115], [-75.58693677693566, 6.309680131366032], [-75.5867730904093, 6.309660647144325], [-75.58676754907883, 6.30971514445944], [-75.58688238439257, 6.309723233193303], [-75.58687321018657, 6.309829513334743], [-75.58676656606936, 6.3097615900133786], [-75.58670061256282, 6.309879580697122], [-75.58650690777424, 6.309872539197727], [-75.58647338052812, 6.310042392156203], [-75.58703344538067, 6.310015084672891], [-75.58737656772819, 6.3100958902717945], [-75.5877445237709, 6.309816857956007], [-75.58802985072955, 6.309815760741427], [-75.5887406082829, 6.309604655946864], [-75.58882125959705, 6.309476479129721], [-75.58969949160402, 6.308984357646599], [-75.59010395562495, 6.308844997070181], [-75.59055046557773, 6.308816671753417], [-75.59104427720415, 6.308562568451679], [-75.5914296570507, 6.308684655568788], [-75.59171107020647, 6.3084125643883695], [-75.59200835688631, 6.308389288510789], [-75.59226979191078, 6.30846544107974], [-75.59264945522061, 6.308415555629964], [-75.59280062434625, 6.308511112187978], [-75.5930407763951, 6.308468185350335], [-75.59332645652916, 6.30853193746418], [-75.59351003759959, 6.308449502965395], [-75.59378727966883, 6.308455213758358], [-75.59387167063738, 6.308400152172916], [-75.5938348029028, 6.308214071463945], [-75.5940586048172, 6.308076577393873], [-75.59410538552095, 6.307873997537365], [-75.59471948796023, 6.307646530556168], [-75.59552664009753, 6.307779754217052], [-75.5960363354335, 6.30747876641731], [-75.59647767133794, 6.307358732628114], [-75.59684149717103, 6.307119750341288], [-75.59706319072968, 6.307072330419443], [-75.59820213496111, 6.30746589238355], [-75.59905943179936, 6.3076296807845935], [-75.59928532122629, 6.307786019763086], [-75.59959761926497, 6.308198284163347], [-75.60057852783594, 6.308641282231336], [-75.60134058620565, 6.308798734650836], [-75.60156420607444, 6.308768426100582], [-75.60214386764791, 6.309028583588495], [-75.60326366650513, 6.308733212593363], [-75.60402189077286, 6.3088626926954285], [-75.60421262400807, 6.309007446229815], [-75.6043233586926, 6.309344034729439], [-75.60466372505785, 6.309337773058387], [-75.60483923759881, 6.309429434284602], [-75.60506762480402, 6.3100186777739475], [-75.60543682731192, 6.310241381927343], [-75.60559201721725, 6.3105605582509305], [-75.60640600122848, 6.311036909615022], [-75.60708511300979, 6.311741038085209], [-75.60712268598557, 6.311875258814816], [-75.6072426528285, 6.311941196058908], [-75.60730812137167, 6.312194381933041], [-75.60775095766614, 6.312579802966912], [-75.60776636859684, 6.31349063067589], [-75.60842188546943, 6.31389027591244], [-75.60881988677203, 6.313944497887999], [-75.61003377346208, 6.313590350294589], [-75.61049540390543, 6.313625997048634], [-75.61084350774372, 6.313933622890212], [-75.61118459386398, 6.313962559875498], [-75.61175990703606, 6.314182780007462], [-75.6122964330572, 6.314095775762977], [-75.6128943044651, 6.314206076790682], [-75.61385231859511, 6.314040458200365], [-75.61439384552268, 6.3141020088417426], [-75.61459717353735, 6.314035752126013], [-75.61470834766834, 6.313732467820636], [-75.61488790050704, 6.31358114567435], [-75.61549461868107, 6.313272390309849], [-75.61595739191267, 6.313203285971845], [-75.61696750389368, 6.313587381824362], [-75.61754206598148, 6.313713997954417], [-75.61781272387243, 6.31372193277437], [-75.61806251187889, 6.313620842085896], [-75.620036433566, 6.314311576087756], [-75.62083789428044, 6.314422410454092], [-75.62108200392359, 6.3143860555535625], [-75.62170196171667, 6.314513940140747], [-75.6228241554361, 6.314880685897577], [-75.62302587547525, 6.3150391852724574], [-75.62309944781717, 6.3149375333629045], [-75.62340558943977, 6.314955108579753], [-75.62394718157921, 6.314162994742417], [-75.62470381784296, 6.313592408983387], [-75.62531969835902, 6.313418122810788], [-75.6257860458454, 6.31343740283523], [-75.62525834080623, 6.313428140963223], [-75.62597177077052, 6.313808091678672], [-75.62732355702224, 6.314974795005596], [-75.62834287555607, 6.315522440148729], [-75.63020367809808, 6.316370148315423], [-75.63194396092852, 6.31684705175608], [-75.63271480830164, 6.317295737864022], [-75.63396081116353, 6.317307536590845], [-75.63499105272679, 6.317725930679644], [-75.635403314791, 6.318384046214864], [-75.63607614689099, 6.318934107698003], [-75.6362882218357, 6.320074308376522], [-75.63787595781572, 6.32188890244329], [-75.63908219776503, 6.321653488204554], [-75.63933350306101, 6.321505544098226], [-75.64039831016889, 6.3219017396018184], [-75.64130016778513, 6.322513330543077], [-75.64162110484895, 6.322649190720366], [-75.64280857011822, 6.324654868030309], [-75.64356353075418, 6.325075395112742], [-75.64378864472607, 6.32534881625174], [-75.64478210659826, 6.327262083716509], [-75.64654059705202, 6.328912741280482], [-75.64723817211105, 6.329785041010302], [-75.64910037098903, 6.331042153576122], [-75.649896194607, 6.331119769723904], [-75.65026243393606, 6.331346530061232], [-75.65063016829663, 6.3316280585695806], [-75.65146742557388, 6.332640126432647], [-75.6522762887216, 6.333259396171475], [-75.6523614575675, 6.333454790936919]], [[-75.64360268618445, 6.275603187155881], [-75.643602187188, 6.275603310817162], [-75.64360265631134, 6.275603175554254], [-75.64360340714218, 6.275603005419178], [-75.64360268618445, 6.275603187155881]], [[-75.6402576009465, 6.28515485570982], [-75.64025744826037, 6.285154856481118], [-75.64025761942746, 6.2851543999799695], [-75.64025778024481, 6.285154399167595], [-75.6402576009465, 6.28515485570982]], [[-75.64844414692219, 6.291400216443618], [-75.64844644804859, 6.2914043027608635], [-75.64843951738102, 6.291400032901502], [-75.64843573754412, 6.291394046571365], [-75.64844414692219, 6.291400216443618]], [[-75.65184083930158, 6.294930476657207], [-75.65184069540103, 6.294930428570686], [-75.65184011243336, 6.294930209141125], [-75.65184065627624, 6.2949303745275635], [-75.65184083930158, 6.294930476657207]], [[-75.65653119842689, 6.298518151939122], [-75.65653120630067, 6.298518101273414], [-75.65655063709085, 6.298525927020157], [-75.65653119842689, 6.298518151939122]]]]}, "properties": {"OBJECTID": 18, "comuna": "60", "sector": 7, "nombre": "SAN CRISTOBAL", "fecha_sincronizacion": 1774145701000, "Shape_Length": 52400.10469311746, "Shape_Area": 54676707.06524435}}, {"type": "Feature", "id": 19, "geometry": {"type": "Polygon", "coordinates": [[[-75.55926726611331, 6.25804869916181], [-75.56073364628183, 6.255829589201795], [-75.55647701193034, 6.252857486492927], [-75.55643179535929, 6.252923612743783], [-75.55475438622241, 6.25165732388746], [-75.55497805201742, 6.251331459567015], [-75.55496726332076, 6.250957990591407], [-75.55510915191054, 6.250751196314351], [-75.5547695663663, 6.250544620006694], [-75.55484706981126, 6.250264559378677], [-75.5546906395751, 6.249889745958734], [-75.55473844354772, 6.249677057818267], [-75.55385034908673, 6.2495254042724095], [-75.55425940286212, 6.248264577361802], [-75.55575658474335, 6.245818369804843], [-75.55560974380386, 6.245562239034788], [-75.55502555770488, 6.245066719264196], [-75.55408716914258, 6.24392648600489], [-75.55379414588137, 6.243171614035997], [-75.55356490883146, 6.243047302279577], [-75.55276765641328, 6.242857433339659], [-75.5513984351244, 6.242667545672854], [-75.5509038207746, 6.242621197128665], [-75.54994492654205, 6.242755786455941], [-75.54937793256214, 6.242691451040678], [-75.54917363286194, 6.242608748660307], [-75.54916216207509, 6.242392820579685], [-75.54880636501419, 6.242087293558742], [-75.54863879374379, 6.24199540443269], [-75.54821412261839, 6.241951745727131], [-75.54788586815609, 6.241765669669253], [-75.547229386497, 6.240623982957945], [-75.5469622297876, 6.2403903570011545], [-75.5463496169025, 6.240195964968635], [-75.54551735853295, 6.240150728064119], [-75.54523222716574, 6.240000420881589], [-75.54501146974621, 6.239760842482125], [-75.54493017250452, 6.239542742234041], [-75.5449205837589, 6.239299783115601], [-75.54502593062749, 6.239042502451634], [-75.5449374079258, 6.238612769831323], [-75.54466486461409, 6.2383047796225295], [-75.54446914632939, 6.237756793724228], [-75.54406527082925, 6.237222734701226], [-75.54312574851504, 6.236980862635523], [-75.54243353262018, 6.236710749223753], [-75.54216139435415, 6.236500549715361], [-75.54165275487956, 6.235888098534776], [-75.54122850028513, 6.235025809423967], [-75.54096557962005, 6.2348105211467795], [-75.54057357428638, 6.234805719401537], [-75.54009793151884, 6.234310560317029], [-75.53980517175185, 6.23365118471029], [-75.53938925996277, 6.2331251484355255], [-75.5389506970721, 6.232303648845361], [-75.53870449691986, 6.232363435805195], [-75.53827192314404, 6.232670642236836], [-75.53735877509386, 6.2323825023761215], [-75.53708868646413, 6.2321552524077815], [-75.53597484815849, 6.231660052132795], [-75.53570713409353, 6.231760503443503], [-75.53530315955906, 6.232100139307384], [-75.53482322021878, 6.232240337120281], [-75.53442264359697, 6.232134834583266], [-75.5340687126089, 6.2319245373007055], [-75.53360575110452, 6.231129101264446], [-75.53298189921318, 6.230796338122552], [-75.53246884733355, 6.230695869174484], [-75.53166870648226, 6.229924531211833], [-75.53085490624183, 6.230102408672903], [-75.52968339274612, 6.230219229444794], [-75.52957460195886, 6.230599037745726], [-75.52881815931252, 6.2311987929205275], [-75.52859225716237, 6.231208106769088], [-75.52871833588294, 6.231261380318082], [-75.52866482268817, 6.231431447074506], [-75.52857168932667, 6.2315809606659], [-75.52836400828083, 6.231682131604365], [-75.52844282451073, 6.232180540479985], [-75.52778440361988, 6.232164839586681], [-75.52740602304547, 6.232295008591596], [-75.52727175059911, 6.232075164423088], [-75.52729744193243, 6.231944025038444], [-75.52699078395236, 6.231674115158268], [-75.52626084520881, 6.232252808214163], [-75.52589183384211, 6.232430568684682], [-75.52560733249977, 6.232827830971276], [-75.5250402478762, 6.232882575140596], [-75.52530918634122, 6.234048597240347], [-75.52515301520782, 6.2341561261833585], [-75.52489947751069, 6.234763440654091], [-75.52516021744357, 6.234827352934882], [-75.52526827801138, 6.234992927715399], [-75.52605264183502, 6.235382162122689], [-75.52621932527644, 6.235512608773365], [-75.52620042593006, 6.235588026313422], [-75.52652821617689, 6.235645629950501], [-75.5268301472753, 6.235921923313148], [-75.52699765723142, 6.236215775575318], [-75.5274040349717, 6.236313955408351], [-75.52767637648432, 6.237117852175134], [-75.52783935520804, 6.237312860878808], [-75.5280956476791, 6.237925420828683], [-75.528556291045, 6.238383826690697], [-75.52875927535173, 6.2392142507865005], [-75.52863850768689, 6.239711740630158], [-75.52875895341464, 6.240008482829288], [-75.52887354436093, 6.240099120977892], [-75.52887846925945, 6.240391209400246], [-75.52977167397871, 6.239898199432026], [-75.5301296581326, 6.239980188658654], [-75.53013936566688, 6.240064422165113], [-75.5309080755763, 6.239995094209725], [-75.53089456046105, 6.239623270846257], [-75.53142326496592, 6.239633782493425], [-75.53141773952964, 6.238818324340101], [-75.53199134030582, 6.238840751327686], [-75.53207871295018, 6.238322058332485], [-75.53200047199489, 6.2379986265993494], [-75.53225153028171, 6.239047146887131], [-75.53234398490413, 6.239068750919165], [-75.53250703121246, 6.238666470734799], [-75.53269849631502, 6.2385758251857295], [-75.53291437965945, 6.23862093285207], [-75.53276228515078, 6.238790617783008], [-75.5329639024875, 6.238960025129103], [-75.532854558092, 6.2390429804311225], [-75.53290869134523, 6.239114806166811], [-75.53342432584661, 6.238610913820383], [-75.5336780101831, 6.238507882384611], [-75.53414536091505, 6.237861634892771], [-75.53443816723865, 6.237903523847245], [-75.5348086499893, 6.23819057035993], [-75.53508353881963, 6.23805305103214], [-75.53541818906471, 6.238160707602035], [-75.53583666445127, 6.237999306024141], [-75.53681645952604, 6.2388963143393426], [-75.53673277881202, 6.239362742433401], [-75.53741996402985, 6.239733535143353], [-75.53753346786989, 6.240469066960957], [-75.5374856335229, 6.240959417717809], [-75.53762903210088, 6.241330177912598], [-75.5382616289014, 6.241791140987309], [-75.53929626438376, 6.242723618734527], [-75.53991118982339, 6.242965082101087], [-75.53984607663082, 6.243622060359703], [-75.54032699458226, 6.243939708195942], [-75.54035216428562, 6.243818352488926], [-75.54040042029705, 6.24385969957745], [-75.54061088406733, 6.244243437921635], [-75.54120108792334, 6.244855979580547], [-75.54142030804486, 6.244746382829622], [-75.5413993856943, 6.2450356511985445], [-75.54153618359932, 6.245262083930372], [-75.54120132656962, 6.245249828276039], [-75.54105526230653, 6.244790923516193], [-75.54061768377939, 6.244291591522443], [-75.54053571863672, 6.244295614666537], [-75.54046896566014, 6.244714611309937], [-75.53993528829676, 6.245230186219365], [-75.53978354437784, 6.245909060987025], [-75.5400341026308, 6.246164098887074], [-75.54051477245771, 6.245795168847523], [-75.5407054598195, 6.245966655447384], [-75.5410364879525, 6.245983307447001], [-75.54104098348829, 6.246120322785595], [-75.54069126992334, 6.246396332503029], [-75.54055591598897, 6.246343965694765], [-75.54004328876708, 6.246663537529693], [-75.5396346136215, 6.247063324396388], [-75.5393881437624, 6.24749837117047], [-75.53914607929813, 6.247638412798728], [-75.53919912722486, 6.247733763803142], [-75.53844993850518, 6.248189052828369], [-75.53825617557136, 6.248075601760623], [-75.53832785801181, 6.248350633171832], [-75.5387201991328, 6.248504507398314], [-75.53824451556544, 6.248894581181705], [-75.53779549464622, 6.248996477337406], [-75.53793407974732, 6.249149544610319], [-75.53786628652257, 6.249123696028138], [-75.53787914181243, 6.249325384161153], [-75.5383356127989, 6.249502555185446], [-75.53848584917553, 6.2496540054274154], [-75.53838761784677, 6.249750493023251], [-75.53847252778097, 6.250251529330286], [-75.53870547658673, 6.250265707151659], [-75.53870021366308, 6.250460300366849], [-75.53852366248809, 6.2504662017491945], [-75.53852844410707, 6.25065899249087], [-75.53829807090973, 6.250804577084721], [-75.53832440582127, 6.251120848773808], [-75.53819489353221, 6.251659063644039], [-75.53834773903337, 6.252008245970908], [-75.53831998506176, 6.252130514874799], [-75.53823021347888, 6.252146212706768], [-75.53813895025415, 6.252904449590958], [-75.53833913679853, 6.252866647004875], [-75.5386621462779, 6.25258045613644], [-75.53923204581703, 6.252846543440358], [-75.53920952223463, 6.253418155316447], [-75.53893200977198, 6.253668567946723], [-75.53891759681717, 6.253917470188814], [-75.53943195667543, 6.254464789723898], [-75.53951822409624, 6.254951152919911], [-75.53874589319108, 6.255298740036735], [-75.538695804168, 6.255557332383925], [-75.53813804011774, 6.255932202194278], [-75.53824715515736, 6.256233267860987], [-75.53701898254694, 6.256833351884662], [-75.53708285881326, 6.256962260059096], [-75.53730901555112, 6.256934692866203], [-75.53760076072521, 6.256764613234794], [-75.5380137801177, 6.256755557518397], [-75.5382332576948, 6.256591732661904], [-75.53852208111846, 6.25655281833929], [-75.53868618528074, 6.256831415593725], [-75.53892830202294, 6.256996138598879], [-75.5396670146623, 6.256980449668713], [-75.53990939330806, 6.256878807708233], [-75.54001351958725, 6.256944456006961], [-75.53989415520412, 6.256469539369336], [-75.54000073873837, 6.256883543640059], [-75.54020934229948, 6.256950227933881], [-75.54042851444166, 6.256912618740554], [-75.54070215065595, 6.257123176694052], [-75.54073431624322, 6.257027573100585], [-75.54120397295226, 6.257156951214566], [-75.5412319407832, 6.257237051158576], [-75.54133835617893, 6.257230822056622], [-75.54197551816009, 6.257627628052693], [-75.54209886465358, 6.257578837160773], [-75.5420661720872, 6.257414077614247], [-75.54223713404363, 6.257353233999465], [-75.54267599895896, 6.2575742691230225], [-75.54317454207276, 6.2574468465430755], [-75.54331461920894, 6.2575520509011024], [-75.54385412900054, 6.257650555090678], [-75.54425738466911, 6.257884927613481], [-75.54423624334075, 6.258156500504059], [-75.54453758477797, 6.258564534103617], [-75.54488460934923, 6.258798876369951], [-75.54551865981777, 6.258843041289665], [-75.5457588830217, 6.25914204535126], [-75.54597200715169, 6.259208805119447], [-75.54477638954059, 6.259852905260877], [-75.54493258548334, 6.260311799150231], [-75.5445999732926, 6.261581187463475], [-75.54487741357413, 6.261606336614066], [-75.54487770883672, 6.261691529303541], [-75.54592019719627, 6.262317175759002], [-75.54659985188809, 6.262210520984266], [-75.54685242087852, 6.261960960146493], [-75.54714965394417, 6.261043524939962], [-75.54751504889853, 6.261061599662299], [-75.54759441834241, 6.261134117804651], [-75.54806538918514, 6.261041406542216], [-75.5483449634022, 6.261106187676906], [-75.54838473095323, 6.261406489472182], [-75.54881216432165, 6.2616402942260745], [-75.54902102896453, 6.261549809168356], [-75.54928176504312, 6.2616013564722595], [-75.55000425321218, 6.26213241070098], [-75.55127304176999, 6.262469553271704], [-75.55143479580725, 6.26231268205506], [-75.5520992245407, 6.262043773746877], [-75.55231834935363, 6.261729018238441], [-75.55274386039171, 6.26142076171384], [-75.55296727576766, 6.26140746468234], [-75.55370996716385, 6.2610198643610735], [-75.55368217789383, 6.262058078901659], [-75.55354645845729, 6.262555560936961], [-75.55417126754082, 6.26263509596214], [-75.55521168027386, 6.2617876217101545], [-75.5554914613974, 6.261135158857475], [-75.55568240501138, 6.261035150184168], [-75.55592811676746, 6.261045691194659], [-75.55627996615365, 6.261402667118236], [-75.55697901816258, 6.261551133062358], [-75.55708414339566, 6.261467638782113], [-75.55721792306001, 6.261163390926146], [-75.55926726611331, 6.25804869916181]], [[-75.54110774347063, 6.250013928646496], [-75.5411074265634, 6.250013974480145], [-75.54108015534578, 6.250006308372035], [-75.54108042611446, 6.250006250103902], [-75.54110774347063, 6.250013928646496]], [[-75.54157033209238, 6.251891356418041], [-75.54154266569638, 6.251512358597498], [-75.54136340684481, 6.251146380772228], [-75.54140265660254, 6.2507837925424], [-75.5412505066646, 6.250377908882212], [-75.54127494823793, 6.2499902353537], [-75.54125098461837, 6.250377909283469], [-75.54140313455225, 6.250783792039264], [-75.54136388479486, 6.251146380269026], [-75.5415431436467, 6.251512358093967], [-75.54157033209238, 6.251891356418041]], [[-75.54152921848393, 6.252074152225798], [-75.54151885285178, 6.252105254053188], [-75.541518613274, 6.2521059712678735], [-75.54151427696934, 6.252118982508058], [-75.5414988912051, 6.252169106700608], [-75.54147406990963, 6.252222360457722], [-75.54147368406088, 6.252222162515637], [-75.54149841325416, 6.252169107204357], [-75.54151379901845, 6.252118983011787], [-75.54151813531877, 6.252105970867531], [-75.54151837489654, 6.252105253652844], [-75.54152874053305, 6.252074152729522], [-75.54153002635762, 6.252065203949435], [-75.54153460936037, 6.252033310969629], [-75.54153873959727, 6.252004574622712], [-75.54154837159015, 6.251937563254626], [-75.54154883903536, 6.25193763241828], [-75.54153921755243, 6.252004575023106], [-75.54153508731116, 6.252033310465896], [-75.54153050431282, 6.252065204349832], [-75.54152921848393, 6.252074152225798]], [[-75.54142965144744, 6.2522682853561244], [-75.54146073569177, 6.252215749907349], [-75.54146110251935, 6.252215937996237], [-75.54143012939849, 6.252268284852401], [-75.54142189972114, 6.2522821955300865], [-75.5414215302049, 6.252282011974771], [-75.54142965144744, 6.2522682853561244]], [[-75.54133658901539, 6.252300698540623], [-75.54136233198744, 6.252252886689324], [-75.54136270965246, 6.252253073821719], [-75.54133706696653, 6.25230069803702], [-75.54129358547948, 6.252395079652088], [-75.5412931808496, 6.252394921581656], [-75.54133658901539, 6.252300698540623]], [[-75.54209132830901, 6.253920394754623], [-75.54219588866758, 6.253381330975132], [-75.54192717600944, 6.253306490760861], [-75.54194255810876, 6.253163631058212], [-75.54119826997275, 6.252989420490369], [-75.54115095003729, 6.252759789092393], [-75.54126961393193, 6.252455353339833], [-75.5411853259557, 6.252418678014561], [-75.54120803669791, 6.252361869554572], [-75.54127009188757, 6.252455353740307], [-75.54115142799326, 6.252759789492881], [-75.54119874792892, 6.252989420890712], [-75.54194303606046, 6.253163630553707], [-75.54192765396562, 6.253306491160438], [-75.54219636661935, 6.2533813304703], [-75.54209132830901, 6.253920394754623]], [[-75.54200963283093, 6.254066676486512], [-75.54199411838036, 6.254112032134651], [-75.54199366981466, 6.254111943894538], [-75.54200915487408, 6.254066676087287], [-75.54200916555858, 6.254066643487624], [-75.54200920658144, 6.254066532083506], [-75.54200921726597, 6.254066499483792], [-75.54202316611814, 6.254028097693606], [-75.54202356026595, 6.2540283299506685], [-75.54200969521844, 6.25406649897893], [-75.54200968453394, 6.254066531578593], [-75.54200964351543, 6.254066643886797], [-75.54200963283093, 6.254066676486512]], [[-75.54197715287904, 6.254197949585149], [-75.54197714852766, 6.254197983962414], [-75.54197668554542, 6.254197903929067], [-75.54197670149355, 6.254197838755887], [-75.541976708551, 6.25419780346145], [-75.54198534148054, 6.254155539722198], [-75.5419690575285, 6.254153098774779], [-75.54197778249988, 6.25410894138289], [-75.5419782419118, 6.254109030474721], [-75.54196953548546, 6.254153099173991], [-75.54198581943312, 6.254155539217273], [-75.54197718650363, 6.254197802956534], [-75.54197717944616, 6.254197838250988], [-75.54197715287904, 6.254197949585149]], [[-75.5419445210887, 6.254306220139496], [-75.54194452197908, 6.254306217422844], [-75.54194452994439, 6.254306183028087], [-75.54197021317827, 6.254196855745241], [-75.54197067164313, 6.2541969358004765], [-75.54194500789711, 6.254306182523194], [-75.54194499993177, 6.254306216917951], [-75.54194497334285, 6.254306323731658], [-75.54194496718448, 6.254306358117635], [-75.5419445210887, 6.254306220139496]], [[-75.54191341900874, 6.254296736461496], [-75.54189778366826, 6.254336896774491], [-75.5418973583657, 6.254336761407995], [-75.5419129928202, 6.25429660471576], [-75.54191341900874, 6.254296736461496]], [[-75.54189639614015, 6.254336763352498], [-75.54189640592556, 6.254336731661242], [-75.54189644787378, 6.254336624773199], [-75.54189687498328, 6.254336760130983], [-75.54189687409728, 6.254336763751673], [-75.54188545645673, 6.254366108573294], [-75.54188503204453, 6.254365970490143], [-75.54189639614015, 6.254336763352498]], [[-75.54187891780958, 6.254364246106285], [-75.5418789597578, 6.254364139218242], [-75.54187938598132, 6.254364278196726], [-75.5418620649313, 6.254408787303324], [-75.54186164141821, 6.254408648311739], [-75.54187890802417, 6.254364277797544], [-75.54187891780958, 6.254364246106285]], [[-75.54183160905393, 6.254479543019664], [-75.5418315680048, 6.254479648999249], [-75.54183155821939, 6.254479680690474], [-75.54182079818115, 6.254507312657629], [-75.54182078659314, 6.25450734526172], [-75.54182075003521, 6.254507445794883], [-75.54182074206552, 6.2545074792855555], [-75.54182032468881, 6.254507301387479], [-75.5418310802621, 6.25447968029129], [-75.54183109004752, 6.254479648600066], [-75.54183113110099, 6.254479543524552], [-75.541831142689, 6.254479510920478], [-75.54184616678971, 6.254440934853486], [-75.54184622123817, 6.254440797165138], [-75.54185895254022, 6.254408079077653], [-75.54185896232563, 6.254408047386428], [-75.54185900427825, 6.254407941402455], [-75.54185942959832, 6.254408080385331], [-75.54184669919542, 6.254440797564357], [-75.54184664474256, 6.254440934348583], [-75.54183162064193, 6.254479510415606], [-75.54183160905393, 6.254479543019664]], [[-75.5417773021984, 6.2546115772478945], [-75.54177726292565, 6.254611676890142], [-75.5417772576664, 6.254611710367661], [-75.54177684028525, 6.254611531565542], [-75.54179809264564, 6.254556956953649], [-75.54179814710723, 6.254556821977625], [-75.5418177698082, 6.25450641597033], [-75.54181817994392, 6.254506591191108], [-75.54179862506022, 6.254556821472723], [-75.541798570603, 6.254556957352867], [-75.54177731288293, 6.254611544648191], [-75.5417773021984, 6.2546115772478945]], [[-75.54175375396701, 6.254601832789455], [-75.54165262216789, 6.254868710286491], [-75.54165213529767, 6.254868735245476], [-75.54175334292336, 6.254601656668933], [-75.54175375396701, 6.254601832789455]], [[-75.54209026638904, 6.255002044103775], [-75.54186230506382, 6.255453088950323], [-75.54208978843137, 6.255002043704986], [-75.54208772395305, 6.2548560769416035], [-75.54192686879459, 6.254854758885722], [-75.54208820191057, 6.254856077340466], [-75.54209026638904, 6.255002044103775]], [[-75.54154409342466, 6.2556814605653015], [-75.54114815183965, 6.255903528695607], [-75.54154361546618, 6.255681460166249], [-75.54174421652502, 6.255450676969067], [-75.54154409342466, 6.2556814605653015]], [[-75.54075994071799, 6.256102877813515], [-75.54073748083766, 6.256196839570326], [-75.54075946275883, 6.2561028774139515], [-75.54098465037836, 6.255962704700438], [-75.54075994071799, 6.256102877813515]], [[-75.54020068012474, 6.242211086390019], [-75.54020063874094, 6.242210935603066], [-75.54020067313803, 6.242210948998684], [-75.5402007035277, 6.24221106819479], [-75.54020068012474, 6.242211086390019]], [[-75.53863364380362, 6.248633757853677], [-75.53859757992635, 6.248675392818834], [-75.5386018044112, 6.2486824543353165], [-75.53862762588437, 6.2486829037533616], [-75.53862756448272, 6.248682911282765], [-75.5386013273615, 6.24868245392671], [-75.53859710197315, 6.248675392414533], [-75.53863316585047, 6.248633757449393], [-75.53865104503727, 6.248613115198162], [-75.53870253036207, 6.248545736187596], [-75.53873427413559, 6.248504193509322], [-75.53873441778518, 6.248504004760158], [-75.5387349091988, 6.248503986113022], [-75.53873475208859, 6.248504193913578], [-75.53870300831514, 6.248545736591815], [-75.53865152299039, 6.248613115602437], [-75.53863364380362, 6.248633757853677]], [[-75.5388917698092, 6.248651150470514], [-75.53888663938274, 6.248650514341885], [-75.53888208429224, 6.248650025517251], [-75.53887752961164, 6.248649621677182], [-75.5388729599687, 6.248649300183638], [-75.53885722220701, 6.248648424158731], [-75.5388414747633, 6.24864778867413], [-75.53883443851471, 6.248647643641107], [-75.53883491646778, 6.248647644045217], [-75.538841952712, 6.248647788174096], [-75.53885770015572, 6.248648423658713], [-75.53887343791742, 6.24864929968359], [-75.53887800756473, 6.248649622081237], [-75.53888256224097, 6.248650025017194], [-75.5388871173358, 6.248650514745899], [-75.53889224776225, 6.248651150874573], [-75.53889362733341, 6.248651323226168], [-75.53889326810227, 6.248651398194228], [-75.5388922377656, 6.24865151347207], [-75.53889314938034, 6.248651322822129], [-75.5388917698092, 6.248651150470514]], [[-75.53915470446219, 6.248701563233184], [-75.5391497436754, 6.2487010691377884], [-75.53913770463188, 6.248699213281183], [-75.53911650691481, 6.248694755323463], [-75.53910766280148, 6.248691808140439], [-75.53909884019133, 6.248689198087331], [-75.53909459161163, 6.248687631890305], [-75.53908998369262, 6.248685930907844], [-75.53907952533872, 6.248683048480046], [-75.53907544797946, 6.248681390140484], [-75.53907236641729, 6.248680135650137], [-75.53907177979912, 6.248679897085387], [-75.53906704611, 6.24867797068197], [-75.53905456438193, 6.248672561990353], [-75.53904855686525, 6.248670095655177], [-75.53904418520855, 6.248668300407495], [-75.53903486794314, 6.248664474902411], [-75.5390253833864, 6.248661556125968], [-75.53901719074184, 6.248659742264068], [-75.53901663268532, 6.248659618383602], [-75.53901526423152, 6.2486593157864725], [-75.53900018563387, 6.248653675525139], [-75.53898385399356, 6.248649369456634], [-75.53896663421824, 6.248647686891426], [-75.53895827213694, 6.24864727160503], [-75.53895679456201, 6.248647198275223], [-75.53895327730051, 6.248647023590621], [-75.53895134786876, 6.248646928032088], [-75.53895154566943, 6.2486469144192185], [-75.53895375525354, 6.248647023994575], [-75.53895727251505, 6.2486471986792225], [-75.53895875008996, 6.24864727200898], [-75.53896711217126, 6.248647687295417], [-75.53898433104314, 6.248649369864952], [-75.53900066358253, 6.248653675024956], [-75.53901574218018, 6.248659315286275], [-75.53901711063834, 6.248659618787542], [-75.53901766869487, 6.24865974266799], [-75.53902586043593, 6.248661556534213], [-75.53903534589617, 6.248664475306284], [-75.53904466316156, 6.248668300811354], [-75.53904903481391, 6.248670095154945], [-75.53905504233059, 6.2486725614901655], [-75.53906752405867, 6.2486779701817525], [-75.53907225775214, 6.248679897489271], [-75.53907284437032, 6.248680136053968], [-75.53907592592815, 6.248681389640221], [-75.53908000328738, 6.248683047979782], [-75.53909046164131, 6.248685930407585], [-75.53909506956029, 6.248687631390042], [-75.53909931814435, 6.248689198491136], [-75.53910814075014, 6.248691807640145], [-75.53911698486785, 6.248694755727283], [-75.53913818168145, 6.248699213689313], [-75.5391502216284, 6.2487010695415774], [-75.53915518150737, 6.248701562737207], [-75.53915527732403, 6.24870157221964], [-75.53916483458664, 6.248702518772489], [-75.53916497764143, 6.248702581369387], [-75.5391644996928, 6.24870258186972], [-75.53916435663798, 6.248702519272804], [-75.53915479937103, 6.24870157181589], [-75.53915470446219, 6.248701563233184]], [[-75.53929960175208, 6.24867168311332], [-75.53928821664294, 6.248671471394241], [-75.5392876003968, 6.248671459001018], [-75.5392877747419, 6.24867145273419], [-75.53928869459149, 6.2486714708937905], [-75.539300079705, 6.24867168351695], [-75.53931101804675, 6.248671804270251], [-75.53939763758872, 6.24868345575763], [-75.53939745798415, 6.248683495502022], [-75.53939735672921, 6.2486834824294935], [-75.53931054009381, 6.248671803866584], [-75.53929960175208, 6.24867168311332]], [[-75.53942480534603, 6.248709768904246], [-75.53941922660738, 6.248678754962745], [-75.53941962732854, 6.248678665328135], [-75.53941968599354, 6.248678652387162], [-75.53942528329459, 6.248709768403708], [-75.53942619867861, 6.248714854134483], [-75.53942602171905, 6.248714880304463], [-75.5394257374288, 6.248714944965643], [-75.53942573093437, 6.2487149097365915], [-75.53942480534603, 6.248709768904246]], [[-75.53950029583402, 6.248822977917789], [-75.53950002309331, 6.248821503724051], [-75.53949962940865, 6.248820055429715], [-75.53949940187859, 6.248819337759593], [-75.53949852926208, 6.248816937036296], [-75.53949731380881, 6.2488052744343205], [-75.53949722581132, 6.248804638364351], [-75.53949700480376, 6.248803399894009], [-75.53949670717071, 6.24880219705422], [-75.53949632011077, 6.248800998262862], [-75.53949585096518, 6.24879982699144], [-75.53949530250104, 6.248798694980038], [-75.53949500344297, 6.248798133162739], [-75.53948605059554, 6.248782573241773], [-75.53948592390425, 6.248782344209281], [-75.53948580169983, 6.248782108826288], [-75.53947811171841, 6.248766689270518], [-75.53947794484667, 6.248766371829096], [-75.53947759846758, 6.248765739719643], [-75.53947741805239, 6.248765424151852], [-75.53946503050136, 6.248744890122147], [-75.53946398581185, 6.2487431538483955], [-75.53946360082314, 6.24874257165163], [-75.53946278669305, 6.248741431882308], [-75.53946225033938, 6.248740750060257], [-75.5394621040769, 6.248740584410135], [-75.53945818209021, 6.248736110821896], [-75.53944828132492, 6.248724827409387], [-75.53944780819664, 6.248724328816685], [-75.53944682688329, 6.2487233688692205], [-75.5394461019165, 6.2487227322597825], [-75.53944567563758, 6.248722393468612], [-75.5394453664307, 6.248722162605406], [-75.53944511166365, 6.248721979397211], [-75.53943931954635, 6.248717903611023], [-75.53943868150469, 6.2487174935138174], [-75.53943736772388, 6.2487167250359725], [-75.53943598400392, 6.248716067197648], [-75.53943455840927, 6.248715531616799], [-75.53943310360174, 6.248715120944544], [-75.53943160961686, 6.248714829804382], [-75.53943008282263, 6.2487146672066824], [-75.53942891718779, 6.2487146420976325], [-75.53942903912241, 6.248714634275689], [-75.53943056077121, 6.2487146667060856], [-75.53943208756979, 6.248714830207908], [-75.53943358155466, 6.248715121348067], [-75.53943503636219, 6.248715532020289], [-75.53943646195248, 6.24871606669708], [-75.53943784567682, 6.248716725439459], [-75.53943915945761, 6.248717493917302], [-75.53943979749928, 6.248717904014509], [-75.53944558961659, 6.248721979800688], [-75.53944584437927, 6.248722162104811], [-75.5394461535905, 6.248722393872122], [-75.53944657986506, 6.248722731759169], [-75.53944730483187, 6.24872336836864], [-75.53944828614523, 6.248724328316086], [-75.53944875927786, 6.248724827812912], [-75.53945866003879, 6.248736110321318], [-75.53946258202548, 6.248740583909518], [-75.53946272829232, 6.248740750463762], [-75.53946326464597, 6.248741432285812], [-75.5394640787717, 6.248742571150992], [-75.53946446376042, 6.248743153347759], [-75.53946550845428, 6.248744890525631], [-75.53947789600535, 6.248765424555333], [-75.53947807642055, 6.2487657401230745], [-75.53947842279963, 6.248766372232561], [-75.53947858966701, 6.248766688769875], [-75.5394862796528, 6.248782109229756], [-75.53948640185286, 6.248782343708609], [-75.53948652854851, 6.248782573645223], [-75.5394954813916, 6.2487981326620865], [-75.53949578045405, 6.24879869538344], [-75.53949632891816, 6.248799827394892], [-75.53949679806375, 6.248800998666298], [-75.5394971851237, 6.24880219745767], [-75.53949748275241, 6.248803399393317], [-75.5394977037643, 6.248804638767782], [-75.53949779176179, 6.248805274837752], [-75.53949900721506, 6.248816937439723], [-75.53949987982722, 6.248819337258894], [-75.53950010735727, 6.248820054929015], [-75.53950050104194, 6.248821503223353], [-75.53950077378704, 6.24882297832118], [-75.53950085539414, 6.248823788011572], [-75.5395008735553, 6.248823806910199], [-75.53950042652556, 6.24882384885068], [-75.5395004065051, 6.248823819111691], [-75.53950037744114, 6.248823787608183], [-75.53950029583402, 6.248822977917789]], [[-75.53953039773054, 6.248821108356631], [-75.53953087094807, 6.248821063577249], [-75.53953135796354, 6.248825938910368], [-75.53953136175626, 6.2488259759606715], [-75.53956571654426, 6.2488314353807155], [-75.53958950043037, 6.248835217204232], [-75.53958912193411, 6.248835231690313], [-75.53956523859561, 6.248831435881461], [-75.53953088380328, 6.248825975557277], [-75.53953088001491, 6.248825939411097], [-75.53953039773054, 6.248821108356631]], [[-75.53962915037754, 6.248833134249358], [-75.53963517889323, 6.248833210905983], [-75.53963515367555, 6.248839969266716], [-75.53963515473605, 6.248840001809645], [-75.53963467679617, 6.2488400041186365], [-75.53963467572257, 6.248839968863455], [-75.53963470094462, 6.248833211406808], [-75.53962914950458, 6.248833140582351], [-75.53962915037754, 6.248833134249358]], [[-75.53970956482566, 6.248894248886523], [-75.5397004248728, 6.248891969476128], [-75.53968924552952, 6.248886841115683], [-75.53967993666681, 6.248879702013717], [-75.53967985411009, 6.248879631891819], [-75.53966850737474, 6.248870145614501], [-75.53966727908848, 6.248869119956596], [-75.5396672046238, 6.248869041658605], [-75.53965383490275, 6.248854675715414], [-75.53965375595124, 6.248854603767837], [-75.53963812446834, 6.248839987462466], [-75.5396385996934, 6.248839984262492], [-75.53965423389984, 6.248854603267019], [-75.53965431285573, 6.248854676118653], [-75.53966768257676, 6.248869042061877], [-75.53966775703711, 6.248869119455761], [-75.53966898532774, 6.248870146017753], [-75.53968033205871, 6.24887963139097], [-75.5396804146198, 6.248879702416955], [-75.53968972347813, 6.248886840614803], [-75.53970090282144, 6.248891968975237], [-75.53971004277429, 6.248894248385622], [-75.53972470463395, 6.248894409906147], [-75.53973576314814, 6.248894531876317], [-75.5397385090317, 6.248894562911445], [-75.53973839159265, 6.248894566191153], [-75.53973528519954, 6.248894532377205], [-75.53972422668532, 6.248894410407079], [-75.53970956482566, 6.248894248886523]], [[-75.53994952421614, 6.248876269412341], [-75.53994947363881, 6.248876273273143], [-75.53994474994674, 6.248876231904936], [-75.53994479059017, 6.24887622899621], [-75.53994952421614, 6.248876269412341]], [[-75.53984155273005, 6.248878756633172], [-75.5398373693174, 6.24887871265358], [-75.5398245200107, 6.248878578543112], [-75.53981989476675, 6.248878530369323], [-75.53982000497795, 6.24887852712452], [-75.53982499796363, 6.248878578946238], [-75.53983784726596, 6.248878712152553], [-75.53984203068298, 6.2488787570362305], [-75.53984236330682, 6.2488787852648375], [-75.53984713385167, 6.2488795487931785], [-75.53985385836529, 6.24888062474459], [-75.53985341206027, 6.248880629613313], [-75.53984665590308, 6.248879549294164], [-75.5398418853539, 6.248878784861746], [-75.53984155273005, 6.248878756633172]], [[-75.54029499620408, 6.248809294259797], [-75.54033127339687, 6.248995183343036], [-75.53931573110982, 6.249322156598052], [-75.5393605887311, 6.249628479202564], [-75.53972377660192, 6.249771453808094], [-75.53936011077731, 6.24962847879931], [-75.53931525316068, 6.249322157098717], [-75.54033079544404, 6.248995182940467], [-75.54023370454748, 6.2487596545360855], [-75.54029499620408, 6.248809294259797]], [[-75.53993622218844, 6.249830256837087], [-75.53987333570025, 6.24980457926219], [-75.53980112298255, 6.249780150116328], [-75.53973812392518, 6.249760164449937], [-75.5397382580201, 6.249760055308546], [-75.53980160093631, 6.2497801505191415], [-75.539873813654, 6.249804579664879], [-75.53993670013784, 6.24983025633567], [-75.53994322782523, 6.249832855756699], [-75.53996500423547, 6.249848069795564], [-75.54005294068972, 6.249909962554538], [-75.54005258149756, 6.2499100456604895], [-75.53996452628171, 6.249848069392942], [-75.5399427498758, 6.249832856258173], [-75.53993622218844, 6.249830256837087]], [[-75.540267506147, 6.249924632704737], [-75.54021034478524, 6.249891396259652], [-75.54017091175476, 6.249882836844856], [-75.54017114369589, 6.249882783285383], [-75.54021082273894, 6.249891396662002], [-75.54026798410072, 6.249924633107073], [-75.54032842371696, 6.249985645188251], [-75.54040347915041, 6.250026790182218], [-75.54068712217799, 6.2500984469130385], [-75.5406870114952, 6.250098539667454], [-75.54040300119662, 6.250026789780061], [-75.54032794576757, 6.24998564569013], [-75.540267506147, 6.249924632704737]], [[-75.54079476080186, 6.2500834942365735], [-75.54079436445814, 6.2500835549198195], [-75.54074746177153, 6.250048522217225], [-75.54074768764137, 6.250048333974262], [-75.54079476080186, 6.2500834942365735]], [[-75.54067696827191, 6.256295765495802], [-75.54067656667144, 6.256295487164547], [-75.54069401987803, 6.256234551501206], [-75.54072896038011, 6.256187979823839], [-75.54072922198323, 6.256188267873627], [-75.54069449783732, 6.256234551900828], [-75.54067700288326, 6.256295636040393], [-75.54067699219866, 6.256295668640095], [-75.54067697443469, 6.256295732013853], [-75.54067696827191, 6.256295765495802]], [[-75.54067864128396, 6.256412934745771], [-75.5405588211728, 6.2565726028703414], [-75.54010607673288, 6.256745199471212], [-75.54055834321314, 6.256572602470769], [-75.54068759846525, 6.256398303567206], [-75.54061797834186, 6.25634201414497], [-75.54066221941332, 6.256285868130856], [-75.54061845629691, 6.256342013640538], [-75.54067864128396, 6.256412934745771]]]}, "properties": {"OBJECTID": 19, "comuna": "08", "sector": 3, "nombre": "VILLA HERMOSA", "fecha_sincronizacion": 1774145701000, "Shape_Length": 19899.965043803084, "Shape_Area": 5569252.8602311425}}, {"type": "Feature", "id": 20, "geometry": {"type": "Polygon", "coordinates": [[[-75.58656955683652, 6.290078746665523], [-75.58655943322609, 6.289912996033731], [-75.5868078886232, 6.289735596831709], [-75.58645878032205, 6.2890968185865574], [-75.58604624973914, 6.288553857893259], [-75.5857368021563, 6.288478155987254], [-75.58565492333312, 6.288357257329536], [-75.58571117341015, 6.288275472569549], [-75.58533975362425, 6.288100373373608], [-75.5848796334115, 6.287743234116278], [-75.58465670333952, 6.287357020121171], [-75.58449270761653, 6.28618906375629], [-75.58432804914199, 6.286675173825051], [-75.58413322953571, 6.286642488314204], [-75.58403635988574, 6.286263791505608], [-75.58385692868032, 6.286054948296446], [-75.58333783220692, 6.285876584447895], [-75.58305817920132, 6.285631756496684], [-75.58277209985415, 6.2855843173750445], [-75.5827270734406, 6.285669854419752], [-75.58240312434208, 6.2855988158445975], [-75.58240647146656, 6.285297905595381], [-75.58220182164347, 6.285133346783184], [-75.58185680460149, 6.285155957143224], [-75.58119122776222, 6.284907868835914], [-75.5803672968043, 6.284792556359224], [-75.58028850861693, 6.285094354827443], [-75.57882321950767, 6.287387724626054], [-75.57823823900748, 6.289069248496913], [-75.57604856717204, 6.288309866182516], [-75.57309541346146, 6.297173137061455], [-75.57265604583948, 6.297830570618197], [-75.57284467824864, 6.298739969085019], [-75.5721858568249, 6.299420004576439], [-75.57122155336859, 6.299287226999827], [-75.57093637287583, 6.299366837521417], [-75.57079467598452, 6.29958065879165], [-75.57048916899583, 6.300546364378279], [-75.57011307359171, 6.30035072530955], [-75.57005604447279, 6.300437991581687], [-75.56891932693857, 6.302651386556044], [-75.56874214901372, 6.303145321798934], [-75.56908630772766, 6.30489492808575], [-75.57157888908772, 6.304874153356055], [-75.5715415074758, 6.305737656552627], [-75.57202419285345, 6.305746630177991], [-75.5718321994711, 6.307557866599533], [-75.57192899829931, 6.308217944433324], [-75.57125662790074, 6.3105718551966765], [-75.57139313668937, 6.3104978295590906], [-75.57153881760036, 6.310529087613477], [-75.57176714809508, 6.310944823099071], [-75.57202420471727, 6.310927887093488], [-75.57227263060217, 6.310702682713126], [-75.57253837578291, 6.310730217241743], [-75.57272316475563, 6.310638478530075], [-75.57293027250697, 6.310745956355148], [-75.57332124773285, 6.310747105942449], [-75.57350744610035, 6.310846786009577], [-75.57404698432934, 6.310710651851569], [-75.57452788718135, 6.310756227509801], [-75.57473727900522, 6.31086144468679], [-75.57542166749025, 6.310888910396647], [-75.57561001965482, 6.311034745098663], [-75.57588872295794, 6.311000892259095], [-75.57608347403668, 6.311148663249996], [-75.5764569020091, 6.31123608632025], [-75.57661622926182, 6.311181914218458], [-75.5767083580689, 6.310955046429975], [-75.57703685758692, 6.310750929816218], [-75.57725411465869, 6.310816391313822], [-75.57767763708605, 6.310730514769276], [-75.57786599363862, 6.31054763248732], [-75.57867650414872, 6.310464541067318], [-75.57906717444652, 6.310122509683612], [-75.57927142451838, 6.310108618307549], [-75.57940359041773, 6.30995114312112], [-75.57996721374404, 6.309787194236388], [-75.58017672378689, 6.309615145250481], [-75.58054228845099, 6.309541299979395], [-75.58095031962678, 6.309237599057353], [-75.58165894722895, 6.30896610385919], [-75.58231491878034, 6.309161563833207], [-75.5826127712022, 6.3093948683091385], [-75.58303498201768, 6.309412480283934], [-75.58337916523602, 6.309234757416496], [-75.58372456126597, 6.3093300569346225], [-75.58391199499083, 6.309283233064039], [-75.58388400702815, 6.3091740795394236], [-75.5839119958944, 6.3092832330595545], [-75.58441590324738, 6.309365826073222], [-75.58469486258716, 6.309266374155631], [-75.58507773469236, 6.309409877472015], [-75.58528385813028, 6.3096810794968246], [-75.58558146300285, 6.309840405697946], [-75.5858694624465, 6.309885596963241], [-75.58605017346721, 6.31006300718763], [-75.58645449930941, 6.310039262915038], [-75.58650689546548, 6.30987260796882], [-75.58670060748248, 6.309879649432299], [-75.5867665546597, 6.309761657875868], [-75.58687320148756, 6.309829581183831], [-75.58688237659712, 6.309723301037852], [-75.58676754218692, 6.309715212299503], [-75.58677307990318, 6.3096607150023445], [-75.58693676733311, 6.309680199219556], [-75.5869652246429, 6.309504548324136], [-75.58598714723361, 6.309440977084993], [-75.58622337544305, 6.307953972034922], [-75.58617547215442, 6.307658366552937], [-75.58638948673467, 6.30765196255972], [-75.58614410438834, 6.307460800372456], [-75.58650286354764, 6.307292507669998], [-75.58646203261459, 6.307212612717116], [-75.58603463603727, 6.307399005870653], [-75.58569995465403, 6.307232156193313], [-75.58591449027298, 6.307090867693405], [-75.58576846321672, 6.307023331962537], [-75.58532093780673, 6.307051407261732], [-75.58549812013288, 6.306319618993944], [-75.5853937789706, 6.305367532393353], [-75.58479585589178, 6.305156648961203], [-75.5846993506216, 6.304972651191137], [-75.58454388589347, 6.305047414919468], [-75.58425448703292, 6.304563055724823], [-75.58401658133495, 6.30432921812528], [-75.58395433815453, 6.303920503810497], [-75.58375728917993, 6.303773662776253], [-75.58376543848897, 6.3034091054124595], [-75.5836854256615, 6.30317998413487], [-75.58377922757708, 6.303232432238329], [-75.58387302228124, 6.302983981720634], [-75.58426064385421, 6.302673408087628], [-75.58448796476723, 6.302782199930606], [-75.58461165128153, 6.302417107875102], [-75.58519234872045, 6.302588739071477], [-75.58532361044838, 6.302503320703559], [-75.58524293781433, 6.302434726917788], [-75.58520134740199, 6.302502307873163], [-75.5850064642407, 6.302451121638829], [-75.58506574529662, 6.302299592379289], [-75.58528662299585, 6.30236374618176], [-75.58531896179191, 6.302311476486895], [-75.58560967205104, 6.3025204408823035], [-75.5859294557735, 6.3020711864752075], [-75.58605207657756, 6.301524966787025], [-75.58664181569151, 6.3003486001153775], [-75.58649065118873, 6.300300707832514], [-75.58643095354209, 6.300436630158971], [-75.58599157658617, 6.300000441546038], [-75.58623631700847, 6.299568655909312], [-75.58627190662878, 6.299461848781931], [-75.58620273718591, 6.299399898079173], [-75.58649518527226, 6.2991254160963885], [-75.58665366600802, 6.298732563937162], [-75.58673560368707, 6.298784345484987], [-75.58691754671962, 6.29854250901436], [-75.58680993954762, 6.298357834164562], [-75.58666378916428, 6.298279773059504], [-75.58636574647355, 6.298491818071984], [-75.58600661368898, 6.298255447245401], [-75.5860376851933, 6.298114797567505], [-75.58641016735041, 6.297899533131373], [-75.58652618117556, 6.29762397252441], [-75.58629346990904, 6.296920200023993], [-75.58638787664212, 6.296809301546277], [-75.58611048321285, 6.296626971442361], [-75.58674497126096, 6.296208298195728], [-75.58845672501481, 6.293501435761956], [-75.58796746618614, 6.293142429566282], [-75.58844454253882, 6.292661295717854], [-75.58851582258262, 6.292681669171891], [-75.58880714269776, 6.2923103351629335], [-75.58911977279872, 6.292192645394674], [-75.58656955683652, 6.290078746665523]], [[-75.58195985295605, 6.304462268208037], [-75.58196214095639, 6.30446175510639], [-75.58195984393403, 6.3044622709649945], [-75.58195985295605, 6.304462268208037]]]}, "properties": {"OBJECTID": 20, "comuna": "06", "sector": 2, "nombre": "DOCE DE OCTUBRE", "fecha_sincronizacion": 1774145701000, "Shape_Length": 10888.377162302155, "Shape_Area": 3915178.365532137}}, {"type": "Feature", "id": 21, "geometry": {"type": "Polygon", "coordinates": [[[-75.70449856052002, 6.261295980535693], [-75.70552370788886, 6.261335048153396], [-75.7058033056939, 6.2611119721300454], [-75.70584240244472, 6.260931539423209], [-75.70551253920995, 6.260550803205731], [-75.70551250712862, 6.260428794001192], [-75.70629384333435, 6.259998060504879], [-75.7068959447078, 6.258548972541781], [-75.70715394236474, 6.25836941508827], [-75.70758420899728, 6.258362518339053], [-75.70779671389268, 6.25827448416266], [-75.70794183508717, 6.257861862956581], [-75.70825488600167, 6.2574177951737004], [-75.70832574797035, 6.257128448602737], [-75.70867709695489, 6.256829944762703], [-75.70846356135239, 6.256353948425303], [-75.70827822977121, 6.256226681339361], [-75.7081933938229, 6.256053726007716], [-75.70833121539582, 6.255751239914341], [-75.70850202129964, 6.255623913868562], [-75.70867842982564, 6.25512830514226], [-75.70883100486662, 6.255033208247126], [-75.7088459997976, 6.254820935998461], [-75.70894124400493, 6.254812672166102], [-75.70925515371931, 6.2544435928729305], [-75.70930764304029, 6.25420384299519], [-75.70975234117596, 6.253854442343982], [-75.70989506148501, 6.253514235651818], [-75.70985610767198, 6.253108183027072], [-75.7089449860298, 6.251874407538076], [-75.70893083763846, 6.251752378315023], [-75.70912444081516, 6.251486748246302], [-75.70958343238149, 6.251242530272864], [-75.70971210352917, 6.250991627475219], [-75.70922383684956, 6.25010600866598], [-75.70922886946094, 6.249674308631529], [-75.70948156611107, 6.24890949474438], [-75.70969386157392, 6.247599379314868], [-75.71030731917742, 6.246007355433072], [-75.71058586053427, 6.245753558087441], [-75.71075065324362, 6.245451786457024], [-75.7105482663476, 6.245002973038016], [-75.71038068115347, 6.244305529898299], [-75.71045609450684, 6.244074326216282], [-75.71044185324054, 6.243622306508558], [-75.7100957972214, 6.2427098767639855], [-75.70938988460523, 6.242779904240094], [-75.7090770641751, 6.242574114890965], [-75.70801757556262, 6.242631907441125], [-75.7077166050616, 6.242552885331106], [-75.70748680005205, 6.242560857806025], [-75.70733903240045, 6.242700632440021], [-75.7072074846802, 6.242689036708254], [-75.70659025232025, 6.242571123183124], [-75.70607625070494, 6.242327087802887], [-75.70545637754108, 6.241441602588997], [-75.70538592287762, 6.241026303514974], [-75.70436206410464, 6.239707411259757], [-75.70386600739876, 6.239204232624003], [-75.70302599664913, 6.238067172202781], [-75.70295747816253, 6.2375368906241855], [-75.70252423058415, 6.236829928794453], [-75.70247273334468, 6.236014529265836], [-75.70236440329563, 6.235763659105993], [-75.7023685845803, 6.234850699158585], [-75.70208139333336, 6.233469838409794], [-75.70220653934844, 6.232694583088258], [-75.70203302386476, 6.232018864214049], [-75.70204480563568, 6.231731817183083], [-75.70226525869428, 6.230511295904316], [-75.70299455764665, 6.229722324566494], [-75.70311518196102, 6.228312371686976], [-75.70327324706541, 6.227988011106192], [-75.70329942535051, 6.227591307176933], [-75.70306707391934, 6.227163994590139], [-75.70240311631079, 6.226665355705103], [-75.70228577656978, 6.226454574249899], [-75.7022203164412, 6.22601817036133], [-75.7025112838481, 6.225603385867228], [-75.70243940947333, 6.224951360005804], [-75.70228795593407, 6.2244247906454], [-75.70136239857881, 6.223841920222222], [-75.70098788925907, 6.223224999687784], [-75.70057317653534, 6.222126694255279], [-75.70057704764953, 6.221797851241768], [-75.70020889648556, 6.221726747452711], [-75.70001120472547, 6.221587958777864], [-75.69997933876267, 6.221173733959857], [-75.70005046850363, 6.220910878664842], [-75.70097974765379, 6.219314605318922], [-75.70116590197594, 6.218622451501397], [-75.70149060836573, 6.21818786510161], [-75.7011700456402, 6.2177816747411185], [-75.70062653649627, 6.217326740244731], [-75.70029002807145, 6.216633550071137], [-75.70027501149768, 6.216307581470172], [-75.70019478711471, 6.216284803900307], [-75.69983114043637, 6.214519711268344], [-75.69967953422723, 6.213412031265626], [-75.69967733245157, 6.212065083968934], [-75.69936982501338, 6.211458853396665], [-75.69893628854102, 6.2110655899259], [-75.69860800649924, 6.210466100571066], [-75.69857045687428, 6.21025646462791], [-75.69865363070805, 6.209868492504413], [-75.69878189187466, 6.209668810596085], [-75.69897792981979, 6.209577976129098], [-75.69914460766083, 6.209106444338728], [-75.69959220326953, 6.208608488900135], [-75.69970331991594, 6.208286324826753], [-75.7003710939743, 6.207952357496093], [-75.70092331363414, 6.207249328139352], [-75.70128666211748, 6.206538496939055], [-75.70200852825563, 6.205575500392506], [-75.70224891545152, 6.205038659697386], [-75.70228551283405, 6.204648781038432], [-75.70171147297673, 6.203056682128914], [-75.70119303370356, 6.202518909684897], [-75.69986598298652, 6.201547391919629], [-75.69893485247113, 6.201075263412426], [-75.69874961330137, 6.200871899600856], [-75.69817569793257, 6.199722774659048], [-75.69786113997777, 6.199408696785908], [-75.69739799293707, 6.198685581224868], [-75.69726803306489, 6.198259574811932], [-75.69728655692003, 6.197833538387214], [-75.69719385871058, 6.197407529286193], [-75.69676797836826, 6.196685527712768], [-75.69661993580601, 6.196204159383634], [-75.69667343582658, 6.194369047310207], [-75.69457465578671, 6.1944552142393], [-75.69419841280214, 6.194210008660019], [-75.69402897654655, 6.1941835560369665], [-75.69363175150468, 6.1936696651821075], [-75.69325584686803, 6.193743940223658], [-75.69271047004843, 6.19363809476958], [-75.69175214697364, 6.193696612323088], [-75.6912384752704, 6.193325814478357], [-75.69043896933883, 6.193283615291131], [-75.69018484232423, 6.193357858854089], [-75.6898830008084, 6.19316717010137], [-75.68971829006072, 6.193105296383799], [-75.68972937345707, 6.193173599399556], [-75.68934204797509, 6.192394224573789], [-75.68869933835148, 6.191463207074252], [-75.68791553930615, 6.19079552355758], [-75.68751103863156, 6.189672341976495], [-75.68682323404298, 6.18903966116878], [-75.68649961152222, 6.188539120403104], [-75.68560979530601, 6.188012732304007], [-75.6856718348815, 6.187645435298026], [-75.68524939994707, 6.187112151488799], [-75.68506526002213, 6.186725705255774], [-75.68498388132916, 6.1863855840575726], [-75.6850678312823, 6.185599037817523], [-75.68476941503107, 6.184233992903091], [-75.68447401996553, 6.183628348508744], [-75.68426722021712, 6.182926628664461], [-75.68425639131266, 6.182436185640785], [-75.68321706920656, 6.180206813579995], [-75.68292590865407, 6.179418494810084], [-75.68286303643389, 6.179449422076718], [-75.68192202733479, 6.1782920768023475], [-75.6815726982308, 6.177584006729706], [-75.68143350432825, 6.176535522999141], [-75.68149598760372, 6.175449560465581], [-75.68124599381748, 6.174732581807999], [-75.68121985961575, 6.174377617727195], [-75.68140939900232, 6.1733997331888135], [-75.68175325492801, 6.1728970433308765], [-75.68203290394587, 6.172043577304957], [-75.68204184361892, 6.17185475793788], [-75.6818706059776, 6.171422319141225], [-75.68213045109336, 6.169088319149085], [-75.68197263285973, 6.167955357254145], [-75.68077741257075, 6.165360612391491], [-75.68054338974078, 6.164445101941843], [-75.67971455281625, 6.163710882840472], [-75.67950692977816, 6.163198310586437], [-75.67934525373973, 6.163690412770902], [-75.67906930124096, 6.164111799920231], [-75.67732945790273, 6.165704917765851], [-75.67703481921922, 6.166029316473762], [-75.67631976437814, 6.1671267528163565], [-75.67487177906052, 6.167684181765304], [-75.67428691340487, 6.167773577338], [-75.6739436526873, 6.167656118996808], [-75.67268350843918, 6.166927538709346], [-75.67176307164884, 6.1660955474649235], [-75.67107055573753, 6.165619058798965], [-75.6705092521787, 6.165016885526217], [-75.66989733338075, 6.164135700454749], [-75.66935277156216, 6.163832647102895], [-75.66836334222177, 6.163041871864668], [-75.66758218402212, 6.162910447999005], [-75.66661619040232, 6.16360563089525], [-75.66566502709505, 6.164608882352124], [-75.66538728209846, 6.1647194431627215], [-75.6650578575642, 6.164672150080389], [-75.66348416633606, 6.165752229489959], [-75.66332912193803, 6.165923588426535], [-75.66318739345678, 6.166358932705304], [-75.66154275655985, 6.16763647744239], [-75.66155420220414, 6.167694812335779], [-75.66143881310174, 6.16777421498547], [-75.6612529449391, 6.167721814460475], [-75.66095408030726, 6.168259150502233], [-75.66044195975512, 6.168810265768605], [-75.66006525033613, 6.169095742302085], [-75.65957893435727, 6.169164718742508], [-75.65932132019624, 6.1695913980126695], [-75.6588572432228, 6.1698000585615675], [-75.65810277015453, 6.169723754099478], [-75.65748965036828, 6.169779927389003], [-75.65590013629891, 6.169612428938358], [-75.65592649605837, 6.169291680471689], [-75.65613807448898, 6.168717787381311], [-75.65602695504637, 6.168583094904489], [-75.65563040063591, 6.168381934288311], [-75.65556395283939, 6.168139079095861], [-75.65525304479876, 6.168021313651615], [-75.65509382372719, 6.167794879845348], [-75.6546793844748, 6.167590495822306], [-75.65419396342502, 6.167527405840107], [-75.65305954884941, 6.167734078681392], [-75.65203501483815, 6.167551287057798], [-75.64983667723094, 6.167748757114155], [-75.6496385516735, 6.167639408974176], [-75.64917382274356, 6.167144252167481], [-75.6486452238322, 6.16726763308743], [-75.64839167069319, 6.167189816203217], [-75.6482195346587, 6.166832288078702], [-75.64771290384421, 6.166309376474265], [-75.64755260896936, 6.165689747922292], [-75.64712954560132, 6.165659373097688], [-75.6465682087238, 6.165448547149374], [-75.64543524097539, 6.165498387415588], [-75.64593225495855, 6.168279465297482], [-75.64624270644447, 6.1686884991124185], [-75.64603672104322, 6.16926194277697], [-75.64610490676624, 6.169743932459359], [-75.64625883367678, 6.16990447950975], [-75.64696011052483, 6.169983515021119], [-75.64717584248214, 6.170482959593225], [-75.64748358819669, 6.1709111979063405], [-75.64771403368377, 6.1716485884193135], [-75.64672797612107, 6.171531211781229], [-75.64635685907554, 6.171358262423071], [-75.64611661202191, 6.171470270665118], [-75.64589601697988, 6.171326818846048], [-75.64562468884321, 6.171560853247226], [-75.64541390880328, 6.171562967925002], [-75.64536773959732, 6.171753680494333], [-75.6451692867194, 6.171738694473918], [-75.64492052961245, 6.171593594893054], [-75.64460284938373, 6.171575901484645], [-75.64390402168038, 6.171746136241989], [-75.64377736698799, 6.171703478234672], [-75.64367820860015, 6.17146377254667], [-75.64347405073049, 6.171459960999148], [-75.64337748436624, 6.171611737464363], [-75.64355235392135, 6.1719094971170865], [-75.64340309904016, 6.1719854630028665], [-75.64326343121641, 6.172211958398192], [-75.64285237641845, 6.171982376643699], [-75.64263127352146, 6.172186107670824], [-75.64216742423191, 6.172268167664718], [-75.6420192595549, 6.17265614455465], [-75.64135996083276, 6.172673596238389], [-75.64109066310523, 6.172880574007534], [-75.64051958930197, 6.172836520463298], [-75.64036543805763, 6.173015775369667], [-75.64013631102692, 6.1729244559303424], [-75.63976627211264, 6.172941264004543], [-75.63921466509434, 6.173342656270908], [-75.63875019282385, 6.1733715148805075], [-75.63852808540362, 6.173507362632282], [-75.63811555346717, 6.173565968395724], [-75.63798125427883, 6.173861179585352], [-75.63764206295711, 6.173803957610061], [-75.63715137517801, 6.173967013208655], [-75.63658762054855, 6.173975097431822], [-75.63635547948496, 6.174226411239555], [-75.63614079737914, 6.174070086169503], [-75.63596747559822, 6.17421496969484], [-75.63557415196647, 6.17466036735087], [-75.63520840535982, 6.175289950915474], [-75.63496653664599, 6.1754356106988855], [-75.63475103560542, 6.175406379262708], [-75.6345173769675, 6.175653801243054], [-75.63526905605674, 6.176591334548805], [-75.63512293926262, 6.177432102126966], [-75.63524718842717, 6.17778013654909], [-75.63595459632326, 6.177890792349466], [-75.63628432345584, 6.178067033817665], [-75.63655549129034, 6.179453557104155], [-75.6371054902997, 6.180348476113688], [-75.63719087150395, 6.180702150800429], [-75.63717170231482, 6.1806254092892825], [-75.63660913369607, 6.1808520681625305], [-75.63640535871514, 6.181062351520969], [-75.63602369912674, 6.181263355968911], [-75.63536556215418, 6.181866219113546], [-75.63536452813561, 6.182047023684855], [-75.63502045279594, 6.182503256434067], [-75.63489357865089, 6.1825571829756285], [-75.63461839733628, 6.183327580351824], [-75.6342000929901, 6.18367343554628], [-75.63382974933585, 6.183829432333443], [-75.6336028215383, 6.1840690338266535], [-75.6332396494254, 6.1842041754930985], [-75.63308604046406, 6.184505119203741], [-75.632419574069, 6.184917861742136], [-75.63253928569003, 6.185085096797927], [-75.6325085583331, 6.185342621910546], [-75.6321953000371, 6.185403862977645], [-75.63188166994446, 6.185724576927879], [-75.63144345548807, 6.18600151862647], [-75.63094619772066, 6.186138358318893], [-75.63058089903164, 6.186135960132489], [-75.62975078327455, 6.186368030897766], [-75.62930219965934, 6.1875569329071665], [-75.62904994675388, 6.187741175061116], [-75.62820530432991, 6.188746086653176], [-75.62734322529764, 6.189481633520922], [-75.62732999824264, 6.190519905611008], [-75.62706958093501, 6.191903566666859], [-75.62765883164091, 6.192626597210076], [-75.62821781904472, 6.193027701644487], [-75.62897109476283, 6.194025456842375], [-75.62905694585602, 6.19425484729301], [-75.62909345181718, 6.195061666556992], [-75.62940887177005, 6.196000174958608], [-75.62984190345928, 6.196886644156725], [-75.63020855208244, 6.197259102394396], [-75.63040813440941, 6.199001585878671], [-75.63070513600982, 6.199337395954859], [-75.6322035462487, 6.200563035985228], [-75.63273302146652, 6.201146273049561], [-75.63342188939612, 6.2010521605862206], [-75.63386672785497, 6.201190303802889], [-75.63447266593644, 6.201589341521224], [-75.6357536517475, 6.202993763303052], [-75.63636139607176, 6.203474559309968], [-75.63686276940476, 6.204148385052848], [-75.63701337687925, 6.204674947210144], [-75.63724483012543, 6.205030165032042], [-75.63730582433628, 6.205669585009085], [-75.63772081002084, 6.206435605890086], [-75.63794607068995, 6.206428234280973], [-75.63817536788149, 6.2065305491308544], [-75.63890162496074, 6.207174472776372], [-75.63932926559622, 6.207427864995018], [-75.64060277252099, 6.207899232194974], [-75.64248953025273, 6.208120248332304], [-75.64359333292431, 6.208141111056842], [-75.64463192501337, 6.207993821503823], [-75.64602683005373, 6.208027760906521], [-75.64819317982504, 6.208244543636513], [-75.65203590394009, 6.2082034254674525], [-75.652160048223, 6.208330024237727], [-75.65225185712782, 6.208755446303043], [-75.65257845482279, 6.2093667210675845], [-75.65349301201366, 6.20992259013268], [-75.65324544712985, 6.211025778279929], [-75.65351448611493, 6.214257639430648], [-75.65275335113316, 6.21427745890667], [-75.65218120644411, 6.214166129086748], [-75.65190399171745, 6.214236355950797], [-75.65204743817209, 6.214787509233918], [-75.6526710493168, 6.216168008351459], [-75.65270930441275, 6.216821448842802], [-75.65315027774488, 6.217740064671913], [-75.65319215273799, 6.218031567778649], [-75.65359133853538, 6.2186186213257155], [-75.653665487133, 6.218950335300484], [-75.65357343638782, 6.219533644085755], [-75.65359859517018, 6.220077879240183], [-75.65380249742559, 6.220840726882648], [-75.65398685013446, 6.221146691250324], [-75.65398456453829, 6.221596583682481], [-75.65420085903091, 6.2219489340416665], [-75.65447447326989, 6.222775566714451], [-75.65443984068152, 6.223159091205987], [-75.6540276369061, 6.224055075989846], [-75.65399737286032, 6.224779958462524], [-75.65403782918418, 6.224896042467283], [-75.6547307574308, 6.22547013801845], [-75.65513992587505, 6.225646247358055], [-75.65553298265367, 6.2259945179134695], [-75.65592920148698, 6.226134295251115], [-75.65610148392045, 6.226298357434503], [-75.6562219757122, 6.226571644040927], [-75.6562963747568, 6.2276641096438965], [-75.65662580924894, 6.228089496245556], [-75.65698769476971, 6.228791939762736], [-75.65705945236223, 6.229126802503061], [-75.65740565857007, 6.229662114827176], [-75.65760563935866, 6.231360235154601], [-75.6592770394602, 6.232544986422552], [-75.65961567752021, 6.232903299511385], [-75.65978945677163, 6.233734024249218], [-75.65974623062402, 6.234784699533457], [-75.65993298516145, 6.235334433458492], [-75.6603541109073, 6.235725295719644], [-75.66072767489179, 6.237105747914871], [-75.66056714127379, 6.237561877789071], [-75.65975391920384, 6.238587263629817], [-75.65926101219823, 6.239033232667312], [-75.65917656994219, 6.239409550555424], [-75.6594085265499, 6.239643055476527], [-75.66011615415415, 6.2400542353014865], [-75.66066323235304, 6.24078308232515], [-75.66173990563874, 6.241615668126674], [-75.66503354429265, 6.243360568083087], [-75.66510319792386, 6.244089764353699], [-75.6650145809385, 6.2442819929583395], [-75.66511556566788, 6.244556352503336], [-75.66500126813334, 6.245163969239196], [-75.66466694008554, 6.245985878001372], [-75.66463516179199, 6.246389342297255], [-75.66491801332334, 6.2470841104482036], [-75.66508945322711, 6.248171149196402], [-75.66538427856848, 6.249037769339789], [-75.66558765941232, 6.250588026794529], [-75.6653631680083, 6.250983354996912], [-75.66478272124537, 6.2514019537580285], [-75.66457299476949, 6.251791818237888], [-75.66454045987683, 6.2521262353041696], [-75.66468721952182, 6.2526230431676355], [-75.66485780914466, 6.25285576585777], [-75.66548594379952, 6.2533184268007265], [-75.6659930104703, 6.253440309413237], [-75.66629503822101, 6.253654299029826], [-75.66647509442758, 6.253654925439868], [-75.66665537039968, 6.25377498470542], [-75.66676086059442, 6.253925335887749], [-75.66689861015355, 6.254689227826332], [-75.66730081059501, 6.25521782805475], [-75.66762753126591, 6.255261759119538], [-75.668491791199, 6.2557606970370685], [-75.66939327178395, 6.256050091430304], [-75.66953606258248, 6.255899537629318], [-75.67000975486559, 6.2574152996118215], [-75.67003895430508, 6.257757817156244], [-75.66992984637561, 6.2584356006849875], [-75.67003191591589, 6.258974875380547], [-75.67132707872945, 6.260328319561854], [-75.67244481314691, 6.260858449269732], [-75.67263850681852, 6.261467165799626], [-75.67309714232991, 6.261771450122306], [-75.67325157508614, 6.261962807560477], [-75.67333239482213, 6.262760630456975], [-75.67325193924141, 6.263729122146646], [-75.67414390590453, 6.264521705812643], [-75.67471558057596, 6.265393215230983], [-75.67478044521773, 6.266447581175119], [-75.67469451155613, 6.267027646030868], [-75.67510584128401, 6.267850399128095], [-75.67545966487945, 6.268184588482513], [-75.67589961037896, 6.268391317131047], [-75.67605741865468, 6.268749578031201], [-75.67604796053345, 6.2692423255370535], [-75.67613883495893, 6.2694336617975805], [-75.6765213773907, 6.269739749948939], [-75.67747282098381, 6.270002663837255], [-75.67775016023377, 6.270203532172013], [-75.67814238370622, 6.270629485533372], [-75.67864457585694, 6.2715662004181345], [-75.67961994004588, 6.272364944564421], [-75.67991649024025, 6.27279542663973], [-75.68018429034575, 6.273456452950041], [-75.68035220478416, 6.274407927662241], [-75.68087821548455, 6.275737890390474], [-75.68107931606238, 6.276106246682517], [-75.6814475686975, 6.276459872539125], [-75.68194975125138, 6.277335551330141], [-75.68245188509766, 6.277894822791383], [-75.68290097319517, 6.278665428176646], [-75.6833556382079, 6.279090224784154], [-75.68343197881318, 6.279569352495716], [-75.68362347142106, 6.279865387003302], [-75.68418499840575, 6.2795573928290125], [-75.68419987621701, 6.279389349782762], [-75.68585206475387, 6.279514923162464], [-75.68585899044348, 6.279965014842716], [-75.68655581808765, 6.279433637951508], [-75.68665896268186, 6.279575546336583], [-75.68680910102469, 6.279125150938823], [-75.68711651100784, 6.278997185517745], [-75.68749148540623, 6.279083593493287], [-75.68762973529049, 6.279029178037102], [-75.6878560172983, 6.278351892763321], [-75.68858585957761, 6.277432884716007], [-75.68884166990976, 6.276970321240584], [-75.68860787055269, 6.276883642227282], [-75.68826826090137, 6.276909645875842], [-75.68852945086174, 6.276610187317327], [-75.6889073525932, 6.276538405972474], [-75.68909583826641, 6.276297885076123], [-75.6894710698886, 6.276309369736502], [-75.68967145961497, 6.275872365345413], [-75.68980675062579, 6.275980800700095], [-75.68989730267431, 6.2763425520914105], [-75.69003597214771, 6.276249713131578], [-75.69013733199576, 6.275799207444817], [-75.69029933579975, 6.275799562651714], [-75.69048332551984, 6.276091829939703], [-75.69089898965494, 6.275947180395807], [-75.69128100506586, 6.275921316198581], [-75.6918332397718, 6.275706012026617], [-75.69251919791608, 6.275144810634493], [-75.69365087980535, 6.274811548887341], [-75.6944498435727, 6.274312171688902], [-75.69496594452244, 6.274327864678143], [-75.69508108944277, 6.2744583584656155], [-75.69514616041455, 6.274853400195479], [-75.69540100384553, 6.274838844483286], [-75.6957379481333, 6.2742905306850005], [-75.69580010690669, 6.273818465021184], [-75.69635521058461, 6.2732806471702585], [-75.69661737442443, 6.2728448834007455], [-75.69664203778368, 6.271888305136342], [-75.69690899448935, 6.271606568480723], [-75.69714443322255, 6.2710499340495165], [-75.69763694155057, 6.2713535219062155], [-75.69776304695228, 6.271588464610829], [-75.69778386927607, 6.27199275427715], [-75.69782877875565, 6.272054942291397], [-75.69793111902902, 6.272013162898371], [-75.69812437051937, 6.271467144420718], [-75.6980983314358, 6.270938457993313], [-75.69829332293405, 6.2704442723522416], [-75.69833607516594, 6.269892373141542], [-75.69827915952801, 6.269592562073501], [-75.6979868335808, 6.269379991423272], [-75.69794794308305, 6.269226108605254], [-75.69814604603971, 6.269153674362519], [-75.6988536023573, 6.26923800746155], [-75.69887547247718, 6.2690278145482266], [-75.6985314005803, 6.268645368139799], [-75.69848609277568, 6.268486681151785], [-75.69854475789009, 6.26842584727323], [-75.69910589914582, 6.268454819597241], [-75.69936286523821, 6.268632191120792], [-75.69946744881206, 6.2685995441439015], [-75.69944720834089, 6.268224242322186], [-75.69924681715194, 6.267621646746008], [-75.69927761705225, 6.267311408504368], [-75.69894097581836, 6.266083116292895], [-75.69941058086147, 6.2658775092814425], [-75.69990560938872, 6.265166573562794], [-75.69997715995139, 6.264535984682974], [-75.69984034867223, 6.263904324367865], [-75.70020625614605, 6.263925694799855], [-75.70044273926158, 6.263516551687519], [-75.70054324186356, 6.26348036692705], [-75.70079739121614, 6.265040138751237], [-75.70083094557849, 6.265151958523596], [-75.70098130806666, 6.265217152219009], [-75.70123932858449, 6.265087130773619], [-75.70141135440927, 6.264312996163932], [-75.70249375178349, 6.264111564305246], [-75.70324701583978, 6.2641045872488865], [-75.70354062353898, 6.264025400467878], [-75.70397080273716, 6.263687406993259], [-75.70441559923847, 6.2631346790247955], [-75.70420775063418, 6.262890648817103], [-75.70402805134815, 6.262382170458371], [-75.7040352821346, 6.262289508937554], [-75.70416419769793, 6.262295394681108], [-75.70432760440107, 6.2621593462179845], [-75.70428770628854, 6.2615681801191565], [-75.70439499122956, 6.261340650198799], [-75.70449856052002, 6.261295980535693]]]}, "properties": {"OBJECTID": 21, "comuna": "80", "sector": 8, "nombre": "SAN ANTONIO DE PRADO", "fecha_sincronizacion": 1774145701000, "Shape_Length": 42952.61204497557, "Shape_Area": 60752751.273714885}}]}